Watching for file changes with StatReloader
Watching for file changes with StatReloader
Watching for file changes with StatReloader
Watching for file changes with StatReloader
"GET / HTTP/1.1" 200 3062
"POST /users/logout/ HTTP/1.1" 302 0
"GET /users/login/ HTTP/1.1" 200 2015
"POST /users/login/ HTTP/1.1" 302 0
"GET /users/profile/ HTTP/1.1" 200 2982
"GET /users/profile/ HTTP/1.1" 200 2953
"GET /users/profile/ HTTP/1.1" 200 2945
"GET /privacy/ HTTP/1.1" 200 0
"GET / HTTP/1.1" 200 2904
"GET /about/ HTTP/1.1" 200 2184
"GET /media/company/f9876904d16fa734c312715150f40317.jpg HTTP/1.1" 304 0
"GET /store/ HTTP/1.1" 200 9400
"POST /users/logout/ HTTP/1.1" 302 0
"GET /users/login/ HTTP/1.1" 200 2015
"POST /users/login/ HTTP/1.1" 302 0
"GET /users/profile/ HTTP/1.1" 200 3122
"GET /admin/ HTTP/1.1" 200 19794
"GET /static/admin/css/dark_mode.css HTTP/1.1" 304 0
"GET /static/admin/js/theme.js HTTP/1.1" 304 0
"GET /static/admin/css/nav_sidebar.css HTTP/1.1" 304 0
"GET /static/admin/img/icon-addlink.svg HTTP/1.1" 304 0
"GET /static/admin/css/dashboard.css HTTP/1.1" 304 0
"GET /static/admin/css/responsive.css HTTP/1.1" 304 0
"GET /static/admin/js/nav_sidebar.js HTTP/1.1" 304 0
"GET /static/admin/img/icon-changelink.svg HTTP/1.1" 304 0
"GET /static/admin/css/base.css HTTP/1.1" 304 0
"GET /admin/info/contact/ HTTP/1.1" 200 15222
"GET /static/admin/js/admin/RelatedObjectLookups.js HTTP/1.1" 304 0
"GET /static/admin/js/jquery.init.js HTTP/1.1" 304 0
"GET /static/admin/js/core.js HTTP/1.1" 304 0
"GET /static/admin/js/actions.js HTTP/1.1" 304 0
"GET /static/admin/css/changelists.css HTTP/1.1" 304 0
"GET /static/admin/js/prepopulate.js HTTP/1.1" 304 0
"GET /static/admin/js/vendor/xregexp/xregexp.js HTTP/1.1" 304 0
"GET /static/admin/js/urlify.js HTTP/1.1" 304 0
"GET /static/admin/js/vendor/jquery/jquery.js HTTP/1.1" 304 0
"GET /static/admin/js/filters.js HTTP/1.1" 304 0
"GET /admin/jsi18n/ HTTP/1.1" 200 3342
"GET /static/admin/img/tooltag-add.svg HTTP/1.1" 304 0
"GET /admin/info/contact/add/ HTTP/1.1" 200 19901
"GET /static/admin/js/prepopulate_init.js HTTP/1.1" 304 0
"GET /static/admin/js/change_form.js HTTP/1.1" 304 0
"GET /static/admin/img/icon-viewlink.svg HTTP/1.1" 304 0
"GET /static/admin/css/forms.css HTTP/1.1" 304 0
"GET /admin/jsi18n/ HTTP/1.1" 200 3342
"GET /static/admin/css/widgets.css HTTP/1.1" 304 0
"POST /admin/info/contact/add/ HTTP/1.1" 302 0
"GET /admin/info/contact/ HTTP/1.1" 200 16736
"GET /admin/jsi18n/ HTTP/1.1" 200 3342
"GET /static/admin/img/icon-yes-dark.svg HTTP/1.1" 304 0
"GET / HTTP/1.1" 200 3062
"GET /contacts/ HTTP/1.1" 200 2335
"GET /media/contacts/-9.jpg HTTP/1.1" 200 29074
"GET /glossary/ HTTP/1.1" 200 2381
"GET /contacts/ HTTP/1.1" 200 2335
"GET /media/contacts/-9.jpg HTTP/1.1" 304 0
"GET /media/contacts/-9.jpg HTTP/1.1" 304 0
"GET /vacancies/ HTTP/1.1" 200 1899
"GET /vacancies/ HTTP/1.1" 200 1899
"GET /reviews/ HTTP/1.1" 200 2270
"GET /privacy/ HTTP/1.1" 200 0
"GET /users/profile/ HTTP/1.1" 200 3258
"GET /admin/ HTTP/1.1" 200 19755
"GET /admin/users/customuser/ HTTP/1.1" 200 22255
"GET /static/admin/img/search.svg HTTP/1.1" 304 0
"GET /admin/jsi18n/ HTTP/1.1" 200 3342
"GET /static/admin/img/sorting-icons.svg HTTP/1.1" 304 0
"GET /admin/users/customuser/3/change/ HTTP/1.1" 200 40362
"GET /static/admin/js/SelectBox.js HTTP/1.1" 304 0
"GET /static/admin/js/calendar.js HTTP/1.1" 304 0
"GET /static/admin/js/admin/DateTimeShortcuts.js HTTP/1.1" 304 0
"GET /static/admin/js/SelectFilter2.js HTTP/1.1" 304 0
"GET /admin/jsi18n/ HTTP/1.1" 200 3342
"GET /static/admin/img/selector-icons.svg HTTP/1.1" 304 0
"GET /static/admin/img/icon-clock.svg HTTP/1.1" 304 0
"GET /static/admin/img/icon-calendar.svg HTTP/1.1" 304 0
"POST /admin/users/customuser/3/change/ HTTP/1.1" 200 40767
"GET /admin/jsi18n/ HTTP/1.1" 200 3342
"POST /admin/users/customuser/3/change/ HTTP/1.1" 200 40769
"GET /admin/jsi18n/ HTTP/1.1" 200 3342
"POST /admin/users/customuser/3/change/ HTTP/1.1" 302 0
"GET /admin/users/customuser/ HTTP/1.1" 200 22560
"GET /admin/jsi18n/ HTTP/1.1" 200 3342
"GET / HTTP/1.1" 200 3062
Forbidden (Permission denied): /users/clients/
Traceback (most recent call last):
  File "/Users/kategorbenko/Sem4/IGI/LR55/venv/lib/python3.14/site-packages/django/core/handlers/exception.py", line 55, in inner
    response = get_response(request)
  File "/Users/kategorbenko/Sem4/IGI/LR55/venv/lib/python3.14/site-packages/django/core/handlers/base.py", line 198, in _get_response
    response = wrapped_callback(request, *callback_args, **callback_kwargs)
  File "/Users/kategorbenko/Sem4/IGI/LR55/venv/lib/python3.14/site-packages/django/views/generic/base.py", line 106, in view
    return self.dispatch(request, *args, **kwargs)
           ~~~~~~~~~~~~~^^^^^^^^^^^^^^^^^^^^^^^^^^
  File "/Users/kategorbenko/Sem4/IGI/LR55/venv/lib/python3.14/site-packages/django/contrib/auth/mixins.py", line 135, in dispatch
    return self.handle_no_permission()
           ~~~~~~~~~~~~~~~~~~~~~~~~~^^
  File "/Users/kategorbenko/Sem4/IGI/LR55/venv/lib/python3.14/site-packages/django/contrib/auth/mixins.py", line 49, in handle_no_permission
    raise PermissionDenied(self.get_permission_denied_message())
django.core.exceptions.PermissionDenied
"GET /users/clients/ HTTP/1.1" 403 135
"GET /orders/dashboard/ HTTP/1.1" 200 12788
"GET /admin/ HTTP/1.1" 200 19801
"GET / HTTP/1.1" 200 3062
"POST /users/logout/ HTTP/1.1" 302 0
"GET /users/login/ HTTP/1.1" 200 2015
"POST /users/login/ HTTP/1.1" 302 0
"GET /users/profile/ HTTP/1.1" 200 3112
"GET /users/profile/ HTTP/1.1" 200 2956
"GET /users/profile/ HTTP/1.1" 200 3137
"GET /reviews/ HTTP/1.1" 200 2112
"GET /users/profile/ HTTP/1.1" 200 3178
"GET / HTTP/1.1" 200 2904
"GET /news/2026/opening-day/ HTTP/1.1" 200 2031
"GET /news/ HTTP/1.1" 200 2347
"GET /about/ HTTP/1.1" 200 2184
"GET /store/ HTTP/1.1" 200 9400
"GET / HTTP/1.1" 200 2904
"GET / HTTP/1.1" 200 2904
"GET / HTTP/1.1" 200 2909
"GET /news/2026/opening-day/ HTTP/1.1" 200 2031
"GET /news/ HTTP/1.1" 200 2347
"GET /news/2026/opening-day/ HTTP/1.1" 200 2031
"GET /news/ HTTP/1.1" 200 2347
"GET /news/2026/opening-day/ HTTP/1.1" 200 2031
"GET / HTTP/1.1" 200 2909
"GET /news/2026/opening-day/ HTTP/1.1" 200 2031
"GET /news/ HTTP/1.1" 200 2347
"GET / HTTP/1.1" 200 2909
"GET /about/ HTTP/1.1" 200 2184
"GET /media/company/f9876904d16fa734c312715150f40317.jpg HTTP/1.1" 304 0
Watching for file changes with StatReloader
"GET / HTTP/1.1" 200 2909
"GET /vacancies/ HTTP/1.1" 200 1741
"GET /users/profile/ HTTP/1.1" 200 2936
Method Not Allowed (GET): /users/logout/
"GET /users/logout/ HTTP/1.1" 405 0
Method Not Allowed (GET): /users/logout/
"GET /users/logout/ HTTP/1.1" 405 0
"POST /users/logout/ HTTP/1.1" 302 0
"GET /users/login/ HTTP/1.1" 200 2015
"POST /users/login/ HTTP/1.1" 302 0
"GET /users/profile/ HTTP/1.1" 200 3095
Method Not Allowed (GET): /users/logout/
"GET /users/logout/ HTTP/1.1" 405 0
"GET /admin/ HTTP/1.1" 200 19801
"GET /static/admin/css/dashboard.css HTTP/1.1" 304 0
"GET /static/admin/js/nav_sidebar.js HTTP/1.1" 304 0
"GET /static/admin/css/dark_mode.css HTTP/1.1" 304 0
"GET /static/admin/css/nav_sidebar.css HTTP/1.1" 304 0
"GET /static/admin/js/theme.js HTTP/1.1" 304 0
"GET /static/admin/css/base.css HTTP/1.1" 304 0
"GET /static/admin/css/responsive.css HTTP/1.1" 304 0
"GET /static/admin/img/icon-addlink.svg HTTP/1.1" 304 0
"GET /static/admin/img/icon-changelink.svg HTTP/1.1" 304 0
"GET /admin/info/vacancy/add/ HTTP/1.1" 200 17033
"GET /static/admin/js/core.js HTTP/1.1" 304 0
"GET /static/admin/js/actions.js HTTP/1.1" 304 0
"GET /static/admin/js/jquery.init.js HTTP/1.1" 304 0
"GET /static/admin/css/forms.css HTTP/1.1" 304 0
"GET /static/admin/js/admin/RelatedObjectLookups.js HTTP/1.1" 304 0
"GET /static/admin/js/vendor/jquery/jquery.js HTTP/1.1" 304 0
"GET /static/admin/js/urlify.js HTTP/1.1" 304 0
"GET /static/admin/js/prepopulate_init.js HTTP/1.1" 304 0
"GET /static/admin/js/change_form.js HTTP/1.1" 304 0
"GET /static/admin/js/vendor/xregexp/xregexp.js HTTP/1.1" 304 0
"GET /static/admin/js/prepopulate.js HTTP/1.1" 304 0
"GET /static/admin/css/widgets.css HTTP/1.1" 304 0
"GET /admin/jsi18n/ HTTP/1.1" 200 3342
"POST /admin/info/vacancy/add/ HTTP/1.1" 302 0
"GET /admin/info/vacancy/ HTTP/1.1" 200 16748
"GET /static/admin/js/filters.js HTTP/1.1" 304 0
"GET /static/admin/css/changelists.css HTTP/1.1" 304 0
"GET /admin/jsi18n/ HTTP/1.1" 200 3342
"GET /static/admin/img/tooltag-add.svg HTTP/1.1" 304 0
"GET /static/admin/img/icon-yes.svg HTTP/1.1" 304 0
"GET / HTTP/1.1" 200 3067
"GET /vacancies/ HTTP/1.1" 200 2088
"GET /admin/ HTTP/1.1" 200 19805
"GET /admin/info/vacancy/add/ HTTP/1.1" 200 17033
"GET /admin/jsi18n/ HTTP/1.1" 200 3342
"POST /admin/info/vacancy/add/ HTTP/1.1" 302 0
"GET /admin/info/vacancy/ HTTP/1.1" 200 17032
"GET /admin/jsi18n/ HTTP/1.1" 200 3342
"GET /admin/info/vacancy/add/ HTTP/1.1" 200 17033
"GET /admin/jsi18n/ HTTP/1.1" 200 3342
"POST /admin/info/vacancy/add/ HTTP/1.1" 302 0
"GET /admin/info/vacancy/ HTTP/1.1" 200 17316
"GET /admin/jsi18n/ HTTP/1.1" 200 3342
"GET / HTTP/1.1" 200 3067
"GET /vacancies/ HTTP/1.1" 200 2275
/Users/kategorbenko/Sem4/IGI/LR55/info/views.py changed, reloading.
Watching for file changes with StatReloader
Not Found: /apple-touch-icon.png
Not Found: /apple-touch-icon-precomposed.png
Not Found: /favicon.ico
"GET /apple-touch-icon-precomposed.png HTTP/1.1" 404 6004
"GET /favicon.ico HTTP/1.1" 404 5941
"GET /apple-touch-icon.png HTTP/1.1" 404 5968
"GET / HTTP/1.1" 200 2576
"GET / HTTP/1.1" 200 3067
Not Found: /apple-touch-icon-precomposed.png
Not Found: /apple-touch-icon.png
Not Found: /favicon.ico
"GET /apple-touch-icon.png HTTP/1.1" 404 5968
"GET /apple-touch-icon-precomposed.png HTTP/1.1" 404 6004
"GET /favicon.ico HTTP/1.1" 404 5941
"GET /users/profile/ HTTP/1.1" 200 3076
/Users/kategorbenko/Sem4/IGI/LR55/info/views.py changed, reloading.
Watching for file changes with StatReloader
/Users/kategorbenko/Sem4/IGI/LR55/info/views.py changed, reloading.
Watching for file changes with StatReloader
Watching for file changes with StatReloader
"GET / HTTP/1.1" 200 3067
"GET /glossary/ HTTP/1.1" 200 3856
"GET /glossary/edit/1/ HTTP/1.1" 200 2927
"GET /glossary/ HTTP/1.1" 200 3856
"GET / HTTP/1.1" 200 3067
"GET /about/ HTTP/1.1" 200 2342
"GET /media/company/f9876904d16fa734c312715150f40317.jpg HTTP/1.1" 304 0
"GET /store/ HTTP/1.1" 200 9558
"GET /glossary/ HTTP/1.1" 200 3856
/Users/kategorbenko/Sem4/IGI/LR55/info/urls.py changed, reloading.
Watching for file changes with StatReloader
/Users/kategorbenko/Sem4/IGI/LR55/info/urls.py changed, reloading.
Watching for file changes with StatReloader
/Users/kategorbenko/Sem4/IGI/LR55/info/urls.py changed, reloading.
Watching for file changes with StatReloader
/Users/kategorbenko/Sem4/IGI/LR55/info/views.py changed, reloading.
Watching for file changes with StatReloader
/Users/kategorbenko/Sem4/IGI/LR55/info/urls.py changed, reloading.
Watching for file changes with StatReloader
"GET / HTTP/1.1" 200 3067
"GET / HTTP/1.1" 200 3067
"GET /about/ HTTP/1.1" 200 2342
"GET /store/ HTTP/1.1" 200 9558
"GET /orders/promocodes/ HTTP/1.1" 200 2518
"GET /news/ HTTP/1.1" 200 2505
"GET /glossary/ HTTP/1.1" 200 3856
"GET /contacts/ HTTP/1.1" 200 2335
"GET /media/contacts/-9.jpg HTTP/1.1" 200 29074
"GET /vacancies/ HTTP/1.1" 200 2275
"GET /reviews/ HTTP/1.1" 200 2270
"GET /privacy/ HTTP/1.1" 200 0
"GET / HTTP/1.1" 200 2976
"GET /news/2026/opening-day/ HTTP/1.1" 200 2172
"GET /news/ HTTP/1.1" 200 2505
"GET /news/2026/opening-day/ HTTP/1.1" 200 2172
"GET /news/ HTTP/1.1" 200 2505
"GET /news/2026/opening-day/ HTTP/1.1" 200 2172
"GET /news/ HTTP/1.1" 200 2505
"GET / HTTP/1.1" 200 2976
"GET /news/2026/opening-day/ HTTP/1.1" 200 2120
"GET /news/ HTTP/1.1" 200 2505
"GET /news/2026/opening-day/ HTTP/1.1" 200 2120
"GET /news/ HTTP/1.1" 200 2505
"GET / HTTP/1.1" 200 2976
"GET /news/2026/opening-day/ HTTP/1.1" 200 2120
"GET /news/ HTTP/1.1" 200 2505
"GET /news/2026/opening-day/ HTTP/1.1" 200 2120
"GET / HTTP/1.1" 200 2976
/Users/kategorbenko/Sem4/IGI/LR55/info/views.py changed, reloading.
Watching for file changes with StatReloader
"GET / HTTP/1.1" 200 2976
"GET /news/2026/opening-day/ HTTP/1.1" 200 2189
"GET /news/ HTTP/1.1" 200 2505
"GET / HTTP/1.1" 200 2976
"GET / HTTP/1.1" 200 3335
Not Found: /apple-touch-icon-precomposed.png
Not Found: /favicon.ico
Not Found: /apple-touch-icon.png
"GET /apple-touch-icon-precomposed.png HTTP/1.1" 404 6094
"GET /favicon.ico HTTP/1.1" 404 6031
"GET /apple-touch-icon.png HTTP/1.1" 404 6058
"GET / HTTP/1.1" 200 3335
"GET /about/ HTTP/1.1" 200 2701
"GET / HTTP/1.1" 200 3335
"GET /store/ HTTP/1.1" 200 9917
"GET /orders/promocodes/ HTTP/1.1" 200 2877
"GET / HTTP/1.1" 200 3335
"GET /admin/ HTTP/1.1" 200 19758
"GET /static/admin/js/theme.js HTTP/1.1" 304 0
"GET /static/admin/js/nav_sidebar.js HTTP/1.1" 304 0
"GET /static/admin/css/dashboard.css HTTP/1.1" 304 0
"GET /static/admin/css/dark_mode.css HTTP/1.1" 304 0
"GET /static/admin/css/nav_sidebar.css HTTP/1.1" 304 0
"GET /static/admin/css/base.css HTTP/1.1" 304 0
"GET /static/admin/img/icon-changelink.svg HTTP/1.1" 304 0
"GET /static/admin/css/responsive.css HTTP/1.1" 304 0
"GET /static/admin/img/icon-addlink.svg HTTP/1.1" 304 0
"GET / HTTP/1.1" 200 3157
"GET /orders/dashboard/ HTTP/1.1" 200 12969
"GET / HTTP/1.1" 200 3157
"GET / HTTP/1.1" 200 2836
"GET /news/2026/opening-day/ HTTP/1.1" 200 2312
"GET /news/ HTTP/1.1" 200 2451
"GET /orders/promocodes/ HTTP/1.1" 200 2699
"GET /vacancies/ HTTP/1.1" 200 2378
"GET /glossary/ HTTP/1.1" 200 3842
"GET /glossary/ HTTP/1.1" 200 3842
"GET /store/ HTTP/1.1" 200 9739
"GET / HTTP/1.1" 200 2836
/Users/kategorbenko/Sem4/IGI/LR55/orders/views.py changed, reloading.
Watching for file changes with StatReloader
/Users/kategorbenko/Sem4/IGI/LR55/orders/views.py changed, reloading.
Watching for file changes with StatReloader
/Users/kategorbenko/Sem4/IGI/LR55/orders/urls.py changed, reloading.
Watching for file changes with StatReloader
"GET / HTTP/1.1" 200 2836
"GET /about/ HTTP/1.1" 200 2498
"GET /store/ HTTP/1.1" 200 9739
"GET /orders/promocodes/ HTTP/1.1" 200 2699
"GET /store/ HTTP/1.1" 200 9739
"GET /store/1/ HTTP/1.1" 200 3209
"GET /store/ HTTP/1.1" 200 9739
"GET /reviews/ HTTP/1.1" 200 2422
"GET /store/ HTTP/1.1" 200 9739
"GET /store/1/ HTTP/1.1" 200 3209
"GET /users/profile/ HTTP/1.1" 200 3309
"GET /vacancies/ HTTP/1.1" 200 2378
"GET /glossary/ HTTP/1.1" 200 3842
"GET /glossary/ HTTP/1.1" 200 3842
Internal Server Error: /orders/dashboard/
Traceback (most recent call last):
  File "/Users/kategorbenko/Sem4/IGI/LR55/venv/lib/python3.14/site-packages/django/core/handlers/exception.py", line 55, in inner
    response = get_response(request)
  File "/Users/kategorbenko/Sem4/IGI/LR55/venv/lib/python3.14/site-packages/django/core/handlers/base.py", line 198, in _get_response
    response = wrapped_callback(request, *callback_args, **callback_kwargs)
  File "/Users/kategorbenko/Sem4/IGI/LR55/orders/views.py", line 86, in admin_dashboard
    orders_totals = list(Order.objects.annotate(total=Coalesce(Sum(F('orderitem__quantity') * F('orderitem__price_at_purchase')), 0.0)).values_list('total', flat=True))
  File "/Users/kategorbenko/Sem4/IGI/LR55/venv/lib/python3.14/site-packages/django/db/models/query.py", line 390, in __iter__
    self._fetch_all()
    ~~~~~~~~~~~~~~~^^
  File "/Users/kategorbenko/Sem4/IGI/LR55/venv/lib/python3.14/site-packages/django/db/models/query.py", line 2000, in _fetch_all
    self._result_cache = list(self._iterable_class(self))
                         ~~~~^^^^^^^^^^^^^^^^^^^^^^^^^^^^
  File "/Users/kategorbenko/Sem4/IGI/LR55/venv/lib/python3.14/site-packages/django/db/models/query.py", line 277, in __iter__
    for row in compiler.results_iter(
               ~~~~~~~~~~~~~~~~~~~~~^
        chunked_fetch=self.chunked_fetch, chunk_size=self.chunk_size
        ^^^^^^^^^^^^^^^^^^^^^^^^^^^^^^^^^^^^^^^^^^^^^^^^^^^^^^^^^^^^
    ):
    ^
  File "/Users/kategorbenko/Sem4/IGI/LR55/venv/lib/python3.14/site-packages/django/db/models/sql/compiler.py", line 1573, in results_iter
    results = self.execute_sql(
        MULTI, chunked_fetch=chunked_fetch, chunk_size=chunk_size
    )
  File "/Users/kategorbenko/Sem4/IGI/LR55/venv/lib/python3.14/site-packages/django/db/models/sql/compiler.py", line 1611, in execute_sql
    sql, params = self.as_sql()
                  ~~~~~~~~~~~^^
  File "/Users/kategorbenko/Sem4/IGI/LR55/venv/lib/python3.14/site-packages/django/db/models/sql/compiler.py", line 767, in as_sql
    extra_select, order_by, group_by = self.pre_sql_setup(
                                       ~~~~~~~~~~~~~~~~~~^
        with_col_aliases=with_col_aliases or bool(combinator),
        ^^^^^^^^^^^^^^^^^^^^^^^^^^^^^^^^^^^^^^^^^^^^^^^^^^^^^^
    )
    ^
  File "/Users/kategorbenko/Sem4/IGI/LR55/venv/lib/python3.14/site-packages/django/db/models/sql/compiler.py", line 86, in pre_sql_setup
    self.setup_query(with_col_aliases=with_col_aliases)
    ~~~~~~~~~~~~~~~~^^^^^^^^^^^^^^^^^^^^^^^^^^^^^^^^^^^
  File "/Users/kategorbenko/Sem4/IGI/LR55/venv/lib/python3.14/site-packages/django/db/models/sql/compiler.py", line 75, in setup_query
    self.select, self.klass_info, self.annotation_col_map = self.get_select(
                                                            ~~~~~~~~~~~~~~~^
        with_col_aliases=with_col_aliases,
        ^^^^^^^^^^^^^^^^^^^^^^^^^^^^^^^^^^
    )
    ^
  File "/Users/kategorbenko/Sem4/IGI/LR55/venv/lib/python3.14/site-packages/django/db/models/sql/compiler.py", line 330, in get_select
    sql, params = col.select_format(self, sql, params)
                  ~~~~~~~~~~~~~~~~~^^^^^^^^^^^^^^^^^^^
  File "/Users/kategorbenko/Sem4/IGI/LR55/venv/lib/python3.14/site-packages/django/db/models/expressions.py", line 499, in select_format
    if hasattr(self.output_field, "select_format"):
               ^^^^^^^^^^^^^^^^^
  File "/Users/kategorbenko/Sem4/IGI/LR55/venv/lib/python3.14/site-packages/django/utils/functional.py", line 47, in __get__
    res = instance.__dict__[self.name] = self.func(instance)
                                         ~~~~~~~~~^^^^^^^^^^
  File "/Users/kategorbenko/Sem4/IGI/LR55/venv/lib/python3.14/site-packages/django/db/models/expressions.py", line 328, in output_field
    output_field = self._resolve_output_field()
  File "/Users/kategorbenko/Sem4/IGI/LR55/venv/lib/python3.14/site-packages/django/db/models/expressions.py", line 366, in _resolve_output_field
    raise FieldError(
    ...<6 lines>...
    )
django.core.exceptions.FieldError: Expression contains mixed types: DecimalField, FloatField. You must set output_field.
"GET /orders/dashboard/ HTTP/1.1" 500 125196
Forbidden (Permission denied): /users/clients/
Traceback (most recent call last):
  File "/Users/kategorbenko/Sem4/IGI/LR55/venv/lib/python3.14/site-packages/django/core/handlers/exception.py", line 55, in inner
    response = get_response(request)
  File "/Users/kategorbenko/Sem4/IGI/LR55/venv/lib/python3.14/site-packages/django/core/handlers/base.py", line 198, in _get_response
    response = wrapped_callback(request, *callback_args, **callback_kwargs)
  File "/Users/kategorbenko/Sem4/IGI/LR55/venv/lib/python3.14/site-packages/django/views/generic/base.py", line 106, in view
    return self.dispatch(request, *args, **kwargs)
           ~~~~~~~~~~~~~^^^^^^^^^^^^^^^^^^^^^^^^^^
  File "/Users/kategorbenko/Sem4/IGI/LR55/venv/lib/python3.14/site-packages/django/contrib/auth/mixins.py", line 135, in dispatch
    return self.handle_no_permission()
           ~~~~~~~~~~~~~~~~~~~~~~~~~^^
  File "/Users/kategorbenko/Sem4/IGI/LR55/venv/lib/python3.14/site-packages/django/contrib/auth/mixins.py", line 49, in handle_no_permission
    raise PermissionDenied(self.get_permission_denied_message())
django.core.exceptions.PermissionDenied
"GET /users/clients/ HTTP/1.1" 403 135
"GET /users/profile/ HTTP/1.1" 200 3415
Method Not Allowed (GET): /users/logout/
"GET /users/logout/ HTTP/1.1" 405 0
Internal Server Error: /
Traceback (most recent call last):
  File "/Users/kategorbenko/Sem4/IGI/LR55/venv/lib/python3.14/site-packages/django/core/handlers/exception.py", line 55, in inner
    response = get_response(request)
  File "/Users/kategorbenko/Sem4/IGI/LR55/venv/lib/python3.14/site-packages/django/core/handlers/base.py", line 198, in _get_response
    response = wrapped_callback(request, *callback_args, **callback_kwargs)
  File "/Users/kategorbenko/Sem4/IGI/LR55/info/views.py", line 33, in home_view
    return render(request, 'info/home.html', {
        'latest_news': latest_news,
    ...<2 lines>...
        'month_cal': month_cal,
    })
  File "/Users/kategorbenko/Sem4/IGI/LR55/venv/lib/python3.14/site-packages/django/shortcuts.py", line 25, in render
    content = loader.render_to_string(template_name, context, request, using=using)
  File "/Users/kategorbenko/Sem4/IGI/LR55/venv/lib/python3.14/site-packages/django/template/loader.py", line 62, in render_to_string
    return template.render(context, request)
           ~~~~~~~~~~~~~~~^^^^^^^^^^^^^^^^^^
  File "/Users/kategorbenko/Sem4/IGI/LR55/venv/lib/python3.14/site-packages/django/template/backends/django.py", line 107, in render
    return self.template.render(context)
           ~~~~~~~~~~~~~~~~~~~~^^^^^^^^^
  File "/Users/kategorbenko/Sem4/IGI/LR55/venv/lib/python3.14/site-packages/django/template/base.py", line 174, in render
    return self._render(context)
           ~~~~~~~~~~~~^^^^^^^^^
  File "/Users/kategorbenko/Sem4/IGI/LR55/venv/lib/python3.14/site-packages/django/template/base.py", line 166, in _render
    return self.nodelist.render(context)
           ~~~~~~~~~~~~~~~~~~~~^^^^^^^^^
  File "/Users/kategorbenko/Sem4/IGI/LR55/venv/lib/python3.14/site-packages/django/template/base.py", line 1091, in render
    return SafeString("".join([node.render_annotated(context) for node in self]))
                               ~~~~~~~~~~~~~~~~~~~~~^^^^^^^^^
  File "/Users/kategorbenko/Sem4/IGI/LR55/venv/lib/python3.14/site-packages/django/template/base.py", line 1052, in render_annotated
    return self.render(context)
           ~~~~~~~~~~~^^^^^^^^^
  File "/Users/kategorbenko/Sem4/IGI/LR55/venv/lib/python3.14/site-packages/django/template/loader_tags.py", line 160, in render
    return compiled_parent._render(context)
           ~~~~~~~~~~~~~~~~~~~~~~~^^^^^^^^^
  File "/Users/kategorbenko/Sem4/IGI/LR55/venv/lib/python3.14/site-packages/django/template/base.py", line 166, in _render
    return self.nodelist.render(context)
           ~~~~~~~~~~~~~~~~~~~~^^^^^^^^^
  File "/Users/kategorbenko/Sem4/IGI/LR55/venv/lib/python3.14/site-packages/django/template/base.py", line 1091, in render
    return SafeString("".join([node.render_annotated(context) for node in self]))
                               ~~~~~~~~~~~~~~~~~~~~~^^^^^^^^^
  File "/Users/kategorbenko/Sem4/IGI/LR55/venv/lib/python3.14/site-packages/django/template/base.py", line 1052, in render_annotated
    return self.render(context)
           ~~~~~~~~~~~^^^^^^^^^
  File "/Users/kategorbenko/Sem4/IGI/LR55/venv/lib/python3.14/site-packages/django/template/defaulttags.py", line 333, in render
    return nodelist.render(context)
           ~~~~~~~~~~~~~~~^^^^^^^^^
  File "/Users/kategorbenko/Sem4/IGI/LR55/venv/lib/python3.14/site-packages/django/template/base.py", line 1091, in render
    return SafeString("".join([node.render_annotated(context) for node in self]))
                               ~~~~~~~~~~~~~~~~~~~~~^^^^^^^^^
  File "/Users/kategorbenko/Sem4/IGI/LR55/venv/lib/python3.14/site-packages/django/template/base.py", line 1052, in render_annotated
    return self.render(context)
           ~~~~~~~~~~~^^^^^^^^^
  File "/Users/kategorbenko/Sem4/IGI/LR55/venv/lib/python3.14/site-packages/django/template/defaulttags.py", line 333, in render
    return nodelist.render(context)
           ~~~~~~~~~~~~~~~^^^^^^^^^
  File "/Users/kategorbenko/Sem4/IGI/LR55/venv/lib/python3.14/site-packages/django/template/base.py", line 1091, in render
    return SafeString("".join([node.render_annotated(context) for node in self]))
                               ~~~~~~~~~~~~~~~~~~~~~^^^^^^^^^
  File "/Users/kategorbenko/Sem4/IGI/LR55/venv/lib/python3.14/site-packages/django/template/base.py", line 1052, in render_annotated
    return self.render(context)
           ~~~~~~~~~~~^^^^^^^^^
  File "/Users/kategorbenko/Sem4/IGI/LR55/venv/lib/python3.14/site-packages/django/template/defaulttags.py", line 511, in render
    url = reverse(view_name, args=args, kwargs=kwargs, current_app=current_app)
  File "/Users/kategorbenko/Sem4/IGI/LR55/venv/lib/python3.14/site-packages/django/urls/base.py", line 98, in reverse
    resolved_url = resolver._reverse_with_prefix(view, prefix, *args, **kwargs)
  File "/Users/kategorbenko/Sem4/IGI/LR55/venv/lib/python3.14/site-packages/django/urls/resolvers.py", line 842, in _reverse_with_prefix
    raise NoReverseMatch(msg)
django.urls.exceptions.NoReverseMatch: Reverse for 'product_create' not found. 'product_create' is not a valid view function or pattern name.
"GET / HTTP/1.1" 500 171098
Internal Server Error: /
Traceback (most recent call last):
  File "/Users/kategorbenko/Sem4/IGI/LR55/venv/lib/python3.14/site-packages/django/core/handlers/exception.py", line 55, in inner
    response = get_response(request)
  File "/Users/kategorbenko/Sem4/IGI/LR55/venv/lib/python3.14/site-packages/django/core/handlers/base.py", line 198, in _get_response
    response = wrapped_callback(request, *callback_args, **callback_kwargs)
  File "/Users/kategorbenko/Sem4/IGI/LR55/info/views.py", line 33, in home_view
    return render(request, 'info/home.html', {
        'latest_news': latest_news,
    ...<2 lines>...
        'month_cal': month_cal,
    })
  File "/Users/kategorbenko/Sem4/IGI/LR55/venv/lib/python3.14/site-packages/django/shortcuts.py", line 25, in render
    content = loader.render_to_string(template_name, context, request, using=using)
  File "/Users/kategorbenko/Sem4/IGI/LR55/venv/lib/python3.14/site-packages/django/template/loader.py", line 62, in render_to_string
    return template.render(context, request)
           ~~~~~~~~~~~~~~~^^^^^^^^^^^^^^^^^^
  File "/Users/kategorbenko/Sem4/IGI/LR55/venv/lib/python3.14/site-packages/django/template/backends/django.py", line 107, in render
    return self.template.render(context)
           ~~~~~~~~~~~~~~~~~~~~^^^^^^^^^
  File "/Users/kategorbenko/Sem4/IGI/LR55/venv/lib/python3.14/site-packages/django/template/base.py", line 174, in render
    return self._render(context)
           ~~~~~~~~~~~~^^^^^^^^^
  File "/Users/kategorbenko/Sem4/IGI/LR55/venv/lib/python3.14/site-packages/django/template/base.py", line 166, in _render
    return self.nodelist.render(context)
           ~~~~~~~~~~~~~~~~~~~~^^^^^^^^^
  File "/Users/kategorbenko/Sem4/IGI/LR55/venv/lib/python3.14/site-packages/django/template/base.py", line 1091, in render
    return SafeString("".join([node.render_annotated(context) for node in self]))
                               ~~~~~~~~~~~~~~~~~~~~~^^^^^^^^^
  File "/Users/kategorbenko/Sem4/IGI/LR55/venv/lib/python3.14/site-packages/django/template/base.py", line 1052, in render_annotated
    return self.render(context)
           ~~~~~~~~~~~^^^^^^^^^
  File "/Users/kategorbenko/Sem4/IGI/LR55/venv/lib/python3.14/site-packages/django/template/loader_tags.py", line 160, in render
    return compiled_parent._render(context)
           ~~~~~~~~~~~~~~~~~~~~~~~^^^^^^^^^
  File "/Users/kategorbenko/Sem4/IGI/LR55/venv/lib/python3.14/site-packages/django/template/base.py", line 166, in _render
    return self.nodelist.render(context)
           ~~~~~~~~~~~~~~~~~~~~^^^^^^^^^
  File "/Users/kategorbenko/Sem4/IGI/LR55/venv/lib/python3.14/site-packages/django/template/base.py", line 1091, in render
    return SafeString("".join([node.render_annotated(context) for node in self]))
                               ~~~~~~~~~~~~~~~~~~~~~^^^^^^^^^
  File "/Users/kategorbenko/Sem4/IGI/LR55/venv/lib/python3.14/site-packages/django/template/base.py", line 1052, in render_annotated
    return self.render(context)
           ~~~~~~~~~~~^^^^^^^^^
  File "/Users/kategorbenko/Sem4/IGI/LR55/venv/lib/python3.14/site-packages/django/template/defaulttags.py", line 333, in render
    return nodelist.render(context)
           ~~~~~~~~~~~~~~~^^^^^^^^^
  File "/Users/kategorbenko/Sem4/IGI/LR55/venv/lib/python3.14/site-packages/django/template/base.py", line 1091, in render
    return SafeString("".join([node.render_annotated(context) for node in self]))
                               ~~~~~~~~~~~~~~~~~~~~~^^^^^^^^^
  File "/Users/kategorbenko/Sem4/IGI/LR55/venv/lib/python3.14/site-packages/django/template/base.py", line 1052, in render_annotated
    return self.render(context)
           ~~~~~~~~~~~^^^^^^^^^
  File "/Users/kategorbenko/Sem4/IGI/LR55/venv/lib/python3.14/site-packages/django/template/defaulttags.py", line 333, in render
    return nodelist.render(context)
           ~~~~~~~~~~~~~~~^^^^^^^^^
  File "/Users/kategorbenko/Sem4/IGI/LR55/venv/lib/python3.14/site-packages/django/template/base.py", line 1091, in render
    return SafeString("".join([node.render_annotated(context) for node in self]))
                               ~~~~~~~~~~~~~~~~~~~~~^^^^^^^^^
  File "/Users/kategorbenko/Sem4/IGI/LR55/venv/lib/python3.14/site-packages/django/template/base.py", line 1052, in render_annotated
    return self.render(context)
           ~~~~~~~~~~~^^^^^^^^^
  File "/Users/kategorbenko/Sem4/IGI/LR55/venv/lib/python3.14/site-packages/django/template/defaulttags.py", line 511, in render
    url = reverse(view_name, args=args, kwargs=kwargs, current_app=current_app)
  File "/Users/kategorbenko/Sem4/IGI/LR55/venv/lib/python3.14/site-packages/django/urls/base.py", line 98, in reverse
    resolved_url = resolver._reverse_with_prefix(view, prefix, *args, **kwargs)
  File "/Users/kategorbenko/Sem4/IGI/LR55/venv/lib/python3.14/site-packages/django/urls/resolvers.py", line 842, in _reverse_with_prefix
    raise NoReverseMatch(msg)
django.urls.exceptions.NoReverseMatch: Reverse for 'product_create' not found. 'product_create' is not a valid view function or pattern name.
"GET / HTTP/1.1" 500 171511
Internal Server Error: /
Traceback (most recent call last):
  File "/Users/kategorbenko/Sem4/IGI/LR55/venv/lib/python3.14/site-packages/django/core/handlers/exception.py", line 55, in inner
    response = get_response(request)
  File "/Users/kategorbenko/Sem4/IGI/LR55/venv/lib/python3.14/site-packages/django/core/handlers/base.py", line 198, in _get_response
    response = wrapped_callback(request, *callback_args, **callback_kwargs)
  File "/Users/kategorbenko/Sem4/IGI/LR55/info/views.py", line 33, in home_view
    return render(request, 'info/home.html', {
        'latest_news': latest_news,
    ...<2 lines>...
        'month_cal': month_cal,
    })
  File "/Users/kategorbenko/Sem4/IGI/LR55/venv/lib/python3.14/site-packages/django/shortcuts.py", line 25, in render
    content = loader.render_to_string(template_name, context, request, using=using)
  File "/Users/kategorbenko/Sem4/IGI/LR55/venv/lib/python3.14/site-packages/django/template/loader.py", line 62, in render_to_string
    return template.render(context, request)
           ~~~~~~~~~~~~~~~^^^^^^^^^^^^^^^^^^
  File "/Users/kategorbenko/Sem4/IGI/LR55/venv/lib/python3.14/site-packages/django/template/backends/django.py", line 107, in render
    return self.template.render(context)
           ~~~~~~~~~~~~~~~~~~~~^^^^^^^^^
  File "/Users/kategorbenko/Sem4/IGI/LR55/venv/lib/python3.14/site-packages/django/template/base.py", line 174, in render
    return self._render(context)
           ~~~~~~~~~~~~^^^^^^^^^
  File "/Users/kategorbenko/Sem4/IGI/LR55/venv/lib/python3.14/site-packages/django/template/base.py", line 166, in _render
    return self.nodelist.render(context)
           ~~~~~~~~~~~~~~~~~~~~^^^^^^^^^
  File "/Users/kategorbenko/Sem4/IGI/LR55/venv/lib/python3.14/site-packages/django/template/base.py", line 1091, in render
    return SafeString("".join([node.render_annotated(context) for node in self]))
                               ~~~~~~~~~~~~~~~~~~~~~^^^^^^^^^
  File "/Users/kategorbenko/Sem4/IGI/LR55/venv/lib/python3.14/site-packages/django/template/base.py", line 1052, in render_annotated
    return self.render(context)
           ~~~~~~~~~~~^^^^^^^^^
  File "/Users/kategorbenko/Sem4/IGI/LR55/venv/lib/python3.14/site-packages/django/template/loader_tags.py", line 160, in render
    return compiled_parent._render(context)
           ~~~~~~~~~~~~~~~~~~~~~~~^^^^^^^^^
  File "/Users/kategorbenko/Sem4/IGI/LR55/venv/lib/python3.14/site-packages/django/template/base.py", line 166, in _render
    return self.nodelist.render(context)
           ~~~~~~~~~~~~~~~~~~~~^^^^^^^^^
  File "/Users/kategorbenko/Sem4/IGI/LR55/venv/lib/python3.14/site-packages/django/template/base.py", line 1091, in render
    return SafeString("".join([node.render_annotated(context) for node in self]))
                               ~~~~~~~~~~~~~~~~~~~~~^^^^^^^^^
  File "/Users/kategorbenko/Sem4/IGI/LR55/venv/lib/python3.14/site-packages/django/template/base.py", line 1052, in render_annotated
    return self.render(context)
           ~~~~~~~~~~~^^^^^^^^^
  File "/Users/kategorbenko/Sem4/IGI/LR55/venv/lib/python3.14/site-packages/django/template/defaulttags.py", line 333, in render
    return nodelist.render(context)
           ~~~~~~~~~~~~~~~^^^^^^^^^
  File "/Users/kategorbenko/Sem4/IGI/LR55/venv/lib/python3.14/site-packages/django/template/base.py", line 1091, in render
    return SafeString("".join([node.render_annotated(context) for node in self]))
                               ~~~~~~~~~~~~~~~~~~~~~^^^^^^^^^
  File "/Users/kategorbenko/Sem4/IGI/LR55/venv/lib/python3.14/site-packages/django/template/base.py", line 1052, in render_annotated
    return self.render(context)
           ~~~~~~~~~~~^^^^^^^^^
  File "/Users/kategorbenko/Sem4/IGI/LR55/venv/lib/python3.14/site-packages/django/template/defaulttags.py", line 333, in render
    return nodelist.render(context)
           ~~~~~~~~~~~~~~~^^^^^^^^^
  File "/Users/kategorbenko/Sem4/IGI/LR55/venv/lib/python3.14/site-packages/django/template/base.py", line 1091, in render
    return SafeString("".join([node.render_annotated(context) for node in self]))
                               ~~~~~~~~~~~~~~~~~~~~~^^^^^^^^^
  File "/Users/kategorbenko/Sem4/IGI/LR55/venv/lib/python3.14/site-packages/django/template/base.py", line 1052, in render_annotated
    return self.render(context)
           ~~~~~~~~~~~^^^^^^^^^
  File "/Users/kategorbenko/Sem4/IGI/LR55/venv/lib/python3.14/site-packages/django/template/defaulttags.py", line 511, in render
    url = reverse(view_name, args=args, kwargs=kwargs, current_app=current_app)
  File "/Users/kategorbenko/Sem4/IGI/LR55/venv/lib/python3.14/site-packages/django/urls/base.py", line 98, in reverse
    resolved_url = resolver._reverse_with_prefix(view, prefix, *args, **kwargs)
  File "/Users/kategorbenko/Sem4/IGI/LR55/venv/lib/python3.14/site-packages/django/urls/resolvers.py", line 842, in _reverse_with_prefix
    raise NoReverseMatch(msg)
django.urls.exceptions.NoReverseMatch: Reverse for 'product_create' not found. 'product_create' is not a valid view function or pattern name.
"GET / HTTP/1.1" 500 171511
"GET / HTTP/1.1" 200 2704
"POST /users/logout/ HTTP/1.1" 302 0
"GET /users/login/ HTTP/1.1" 200 1889
"POST /users/login/ HTTP/1.1" 302 0
"GET /users/profile/ HTTP/1.1" 200 3251
Internal Server Error: /orders/dashboard/
Traceback (most recent call last):
  File "/Users/kategorbenko/Sem4/IGI/LR55/venv/lib/python3.14/site-packages/django/core/handlers/exception.py", line 55, in inner
    response = get_response(request)
  File "/Users/kategorbenko/Sem4/IGI/LR55/venv/lib/python3.14/site-packages/django/core/handlers/base.py", line 198, in _get_response
    response = wrapped_callback(request, *callback_args, **callback_kwargs)
  File "/Users/kategorbenko/Sem4/IGI/LR55/orders/views.py", line 86, in admin_dashboard
    orders_totals = list(Order.objects.annotate(total=Coalesce(Sum(F('orderitem__quantity') * F('orderitem__price_at_purchase')), 0.0)).values_list('total', flat=True))
  File "/Users/kategorbenko/Sem4/IGI/LR55/venv/lib/python3.14/site-packages/django/db/models/query.py", line 390, in __iter__
    self._fetch_all()
    ~~~~~~~~~~~~~~~^^
  File "/Users/kategorbenko/Sem4/IGI/LR55/venv/lib/python3.14/site-packages/django/db/models/query.py", line 2000, in _fetch_all
    self._result_cache = list(self._iterable_class(self))
                         ~~~~^^^^^^^^^^^^^^^^^^^^^^^^^^^^
  File "/Users/kategorbenko/Sem4/IGI/LR55/venv/lib/python3.14/site-packages/django/db/models/query.py", line 277, in __iter__
    for row in compiler.results_iter(
               ~~~~~~~~~~~~~~~~~~~~~^
        chunked_fetch=self.chunked_fetch, chunk_size=self.chunk_size
        ^^^^^^^^^^^^^^^^^^^^^^^^^^^^^^^^^^^^^^^^^^^^^^^^^^^^^^^^^^^^
    ):
    ^
  File "/Users/kategorbenko/Sem4/IGI/LR55/venv/lib/python3.14/site-packages/django/db/models/sql/compiler.py", line 1573, in results_iter
    results = self.execute_sql(
        MULTI, chunked_fetch=chunked_fetch, chunk_size=chunk_size
    )
  File "/Users/kategorbenko/Sem4/IGI/LR55/venv/lib/python3.14/site-packages/django/db/models/sql/compiler.py", line 1611, in execute_sql
    sql, params = self.as_sql()
                  ~~~~~~~~~~~^^
  File "/Users/kategorbenko/Sem4/IGI/LR55/venv/lib/python3.14/site-packages/django/db/models/sql/compiler.py", line 767, in as_sql
    extra_select, order_by, group_by = self.pre_sql_setup(
                                       ~~~~~~~~~~~~~~~~~~^
        with_col_aliases=with_col_aliases or bool(combinator),
        ^^^^^^^^^^^^^^^^^^^^^^^^^^^^^^^^^^^^^^^^^^^^^^^^^^^^^^
    )
    ^
  File "/Users/kategorbenko/Sem4/IGI/LR55/venv/lib/python3.14/site-packages/django/db/models/sql/compiler.py", line 86, in pre_sql_setup
    self.setup_query(with_col_aliases=with_col_aliases)
    ~~~~~~~~~~~~~~~~^^^^^^^^^^^^^^^^^^^^^^^^^^^^^^^^^^^
  File "/Users/kategorbenko/Sem4/IGI/LR55/venv/lib/python3.14/site-packages/django/db/models/sql/compiler.py", line 75, in setup_query
    self.select, self.klass_info, self.annotation_col_map = self.get_select(
                                                            ~~~~~~~~~~~~~~~^
        with_col_aliases=with_col_aliases,
        ^^^^^^^^^^^^^^^^^^^^^^^^^^^^^^^^^^
    )
    ^
  File "/Users/kategorbenko/Sem4/IGI/LR55/venv/lib/python3.14/site-packages/django/db/models/sql/compiler.py", line 330, in get_select
    sql, params = col.select_format(self, sql, params)
                  ~~~~~~~~~~~~~~~~~^^^^^^^^^^^^^^^^^^^
  File "/Users/kategorbenko/Sem4/IGI/LR55/venv/lib/python3.14/site-packages/django/db/models/expressions.py", line 499, in select_format
    if hasattr(self.output_field, "select_format"):
               ^^^^^^^^^^^^^^^^^
  File "/Users/kategorbenko/Sem4/IGI/LR55/venv/lib/python3.14/site-packages/django/utils/functional.py", line 47, in __get__
    res = instance.__dict__[self.name] = self.func(instance)
                                         ~~~~~~~~~^^^^^^^^^^
  File "/Users/kategorbenko/Sem4/IGI/LR55/venv/lib/python3.14/site-packages/django/db/models/expressions.py", line 328, in output_field
    output_field = self._resolve_output_field()
  File "/Users/kategorbenko/Sem4/IGI/LR55/venv/lib/python3.14/site-packages/django/db/models/expressions.py", line 366, in _resolve_output_field
    raise FieldError(
    ...<6 lines>...
    )
django.core.exceptions.FieldError: Expression contains mixed types: DecimalField, FloatField. You must set output_field.
"GET /orders/dashboard/ HTTP/1.1" 500 125201
/Users/kategorbenko/Sem4/IGI/LR55/store/urls.py changed, reloading.
Watching for file changes with StatReloader
/Users/kategorbenko/Sem4/IGI/LR55/store/views.py changed, reloading.
Watching for file changes with StatReloader
"GET / HTTP/1.1" 200 2706
Forbidden (Permission denied): /users/clients/
Traceback (most recent call last):
  File "/Users/kategorbenko/Sem4/IGI/LR55/venv/lib/python3.14/site-packages/django/core/handlers/exception.py", line 55, in inner
    response = get_response(request)
  File "/Users/kategorbenko/Sem4/IGI/LR55/venv/lib/python3.14/site-packages/django/core/handlers/base.py", line 198, in _get_response
    response = wrapped_callback(request, *callback_args, **callback_kwargs)
  File "/Users/kategorbenko/Sem4/IGI/LR55/venv/lib/python3.14/site-packages/django/views/generic/base.py", line 106, in view
    return self.dispatch(request, *args, **kwargs)
           ~~~~~~~~~~~~~^^^^^^^^^^^^^^^^^^^^^^^^^^
  File "/Users/kategorbenko/Sem4/IGI/LR55/venv/lib/python3.14/site-packages/django/contrib/auth/mixins.py", line 135, in dispatch
    return self.handle_no_permission()
           ~~~~~~~~~~~~~~~~~~~~~~~~~^^
  File "/Users/kategorbenko/Sem4/IGI/LR55/venv/lib/python3.14/site-packages/django/contrib/auth/mixins.py", line 49, in handle_no_permission
    raise PermissionDenied(self.get_permission_denied_message())
django.core.exceptions.PermissionDenied
"GET /users/clients/ HTTP/1.1" 403 135
Internal Server Error: /orders/dashboard/
Traceback (most recent call last):
  File "/Users/kategorbenko/Sem4/IGI/LR55/venv/lib/python3.14/site-packages/django/core/handlers/exception.py", line 55, in inner
    response = get_response(request)
  File "/Users/kategorbenko/Sem4/IGI/LR55/venv/lib/python3.14/site-packages/django/core/handlers/base.py", line 198, in _get_response
    response = wrapped_callback(request, *callback_args, **callback_kwargs)
  File "/Users/kategorbenko/Sem4/IGI/LR55/orders/views.py", line 86, in admin_dashboard
    orders_totals = list(Order.objects.annotate(total=Coalesce(Sum(F('orderitem__quantity') * F('orderitem__price_at_purchase')), 0.0)).values_list('total', flat=True))
  File "/Users/kategorbenko/Sem4/IGI/LR55/venv/lib/python3.14/site-packages/django/db/models/query.py", line 390, in __iter__
    self._fetch_all()
    ~~~~~~~~~~~~~~~^^
  File "/Users/kategorbenko/Sem4/IGI/LR55/venv/lib/python3.14/site-packages/django/db/models/query.py", line 2000, in _fetch_all
    self._result_cache = list(self._iterable_class(self))
                         ~~~~^^^^^^^^^^^^^^^^^^^^^^^^^^^^
  File "/Users/kategorbenko/Sem4/IGI/LR55/venv/lib/python3.14/site-packages/django/db/models/query.py", line 277, in __iter__
    for row in compiler.results_iter(
               ~~~~~~~~~~~~~~~~~~~~~^
        chunked_fetch=self.chunked_fetch, chunk_size=self.chunk_size
        ^^^^^^^^^^^^^^^^^^^^^^^^^^^^^^^^^^^^^^^^^^^^^^^^^^^^^^^^^^^^
    ):
    ^
  File "/Users/kategorbenko/Sem4/IGI/LR55/venv/lib/python3.14/site-packages/django/db/models/sql/compiler.py", line 1573, in results_iter
    results = self.execute_sql(
        MULTI, chunked_fetch=chunked_fetch, chunk_size=chunk_size
    )
  File "/Users/kategorbenko/Sem4/IGI/LR55/venv/lib/python3.14/site-packages/django/db/models/sql/compiler.py", line 1611, in execute_sql
    sql, params = self.as_sql()
                  ~~~~~~~~~~~^^
  File "/Users/kategorbenko/Sem4/IGI/LR55/venv/lib/python3.14/site-packages/django/db/models/sql/compiler.py", line 767, in as_sql
    extra_select, order_by, group_by = self.pre_sql_setup(
                                       ~~~~~~~~~~~~~~~~~~^
        with_col_aliases=with_col_aliases or bool(combinator),
        ^^^^^^^^^^^^^^^^^^^^^^^^^^^^^^^^^^^^^^^^^^^^^^^^^^^^^^
    )
    ^
  File "/Users/kategorbenko/Sem4/IGI/LR55/venv/lib/python3.14/site-packages/django/db/models/sql/compiler.py", line 86, in pre_sql_setup
    self.setup_query(with_col_aliases=with_col_aliases)
    ~~~~~~~~~~~~~~~~^^^^^^^^^^^^^^^^^^^^^^^^^^^^^^^^^^^
  File "/Users/kategorbenko/Sem4/IGI/LR55/venv/lib/python3.14/site-packages/django/db/models/sql/compiler.py", line 75, in setup_query
    self.select, self.klass_info, self.annotation_col_map = self.get_select(
                                                            ~~~~~~~~~~~~~~~^
        with_col_aliases=with_col_aliases,
        ^^^^^^^^^^^^^^^^^^^^^^^^^^^^^^^^^^
    )
    ^
  File "/Users/kategorbenko/Sem4/IGI/LR55/venv/lib/python3.14/site-packages/django/db/models/sql/compiler.py", line 330, in get_select
    sql, params = col.select_format(self, sql, params)
                  ~~~~~~~~~~~~~~~~~^^^^^^^^^^^^^^^^^^^
  File "/Users/kategorbenko/Sem4/IGI/LR55/venv/lib/python3.14/site-packages/django/db/models/expressions.py", line 499, in select_format
    if hasattr(self.output_field, "select_format"):
               ^^^^^^^^^^^^^^^^^
  File "/Users/kategorbenko/Sem4/IGI/LR55/venv/lib/python3.14/site-packages/django/utils/functional.py", line 47, in __get__
    res = instance.__dict__[self.name] = self.func(instance)
                                         ~~~~~~~~~^^^^^^^^^^
  File "/Users/kategorbenko/Sem4/IGI/LR55/venv/lib/python3.14/site-packages/django/db/models/expressions.py", line 328, in output_field
    output_field = self._resolve_output_field()
  File "/Users/kategorbenko/Sem4/IGI/LR55/venv/lib/python3.14/site-packages/django/db/models/expressions.py", line 366, in _resolve_output_field
    raise FieldError(
    ...<6 lines>...
    )
django.core.exceptions.FieldError: Expression contains mixed types: DecimalField, FloatField. You must set output_field.
"GET /orders/dashboard/ HTTP/1.1" 500 125187
"GET /reviews/ HTTP/1.1" 200 2292
"GET /contacts/ HTTP/1.1" 200 2324
"GET /news/ HTTP/1.1" 200 2321
"GET /orders/promocodes/ HTTP/1.1" 200 2569
"GET /store/ HTTP/1.1" 200 9609
"GET / HTTP/1.1" 200 3104
Internal Server Error: /store/create/
Traceback (most recent call last):
  File "/Users/kategorbenko/Sem4/IGI/LR55/venv/lib/python3.14/site-packages/django/core/handlers/exception.py", line 55, in inner
    response = get_response(request)
  File "/Users/kategorbenko/Sem4/IGI/LR55/venv/lib/python3.14/site-packages/django/core/handlers/base.py", line 198, in _get_response
    response = wrapped_callback(request, *callback_args, **callback_kwargs)
  File "/Users/kategorbenko/Sem4/IGI/LR55/venv/lib/python3.14/site-packages/django/contrib/auth/decorators.py", line 59, in _view_wrapper
    return view_func(request, *args, **kwargs)
  File "/Users/kategorbenko/Sem4/IGI/LR55/venv/lib/python3.14/site-packages/django/contrib/auth/decorators.py", line 59, in _view_wrapper
    return view_func(request, *args, **kwargs)
  File "/Users/kategorbenko/Sem4/IGI/LR55/store/views.py", line 75, in product_create
    return render(request, 'store/product_form.html', {'form': form, 'action': 'Создать'})
           ~~~~~~^^^^^^^^^^^^^^^^^^^^^^^^^^^^^^^^^^^^^^^^^^^^^^^^^^^^^^^^^^^^^^^^^^^^^^^^^
  File "/Users/kategorbenko/Sem4/IGI/LR55/venv/lib/python3.14/site-packages/django/shortcuts.py", line 25, in render
    content = loader.render_to_string(template_name, context, request, using=using)
  File "/Users/kategorbenko/Sem4/IGI/LR55/venv/lib/python3.14/site-packages/django/template/loader.py", line 61, in render_to_string
    template = get_template(template_name, using=using)
  File "/Users/kategorbenko/Sem4/IGI/LR55/venv/lib/python3.14/site-packages/django/template/loader.py", line 19, in get_template
    raise TemplateDoesNotExist(template_name, chain=chain)
django.template.exceptions.TemplateDoesNotExist: store/product_form.html
"GET /store/create/ HTTP/1.1" 500 90205
"POST /users/logout/ HTTP/1.1" 302 0
"GET /users/login/ HTTP/1.1" 200 2177
"POST /users/login/ HTTP/1.1" 302 0
"GET /users/profile/ HTTP/1.1" 200 3452
"GET /orders/cart/ HTTP/1.1" 200 2471
"GET /store/ HTTP/1.1" 200 9837
"GET /vacancies/ HTTP/1.1" 200 2476
"GET /contacts/ HTTP/1.1" 200 2552
"GET /glossary/ HTTP/1.1" 200 3940
"GET /news/ HTTP/1.1" 200 2549
"GET /orders/promocodes/ HTTP/1.1" 200 2797
"GET /store/ HTTP/1.1" 200 9837
"GET /about/ HTTP/1.1" 200 2596
"GET / HTTP/1.1" 200 2934
"GET /users/clients/ HTTP/1.1" 200 2996
Internal Server Error: /users/clients/1/
Traceback (most recent call last):
  File "/Users/kategorbenko/Sem4/IGI/LR55/venv/lib/python3.14/site-packages/django/core/handlers/exception.py", line 55, in inner
    response = get_response(request)
  File "/Users/kategorbenko/Sem4/IGI/LR55/venv/lib/python3.14/site-packages/django/core/handlers/base.py", line 221, in _get_response
    response = response.render()
  File "/Users/kategorbenko/Sem4/IGI/LR55/venv/lib/python3.14/site-packages/django/template/response.py", line 114, in render
    self.content = self.rendered_content
                   ^^^^^^^^^^^^^^^^^^^^^
  File "/Users/kategorbenko/Sem4/IGI/LR55/venv/lib/python3.14/site-packages/django/template/response.py", line 90, in rendered_content
    template = self.resolve_template(self.template_name)
  File "/Users/kategorbenko/Sem4/IGI/LR55/venv/lib/python3.14/site-packages/django/template/response.py", line 72, in resolve_template
    return select_template(template, using=self.using)
  File "/Users/kategorbenko/Sem4/IGI/LR55/venv/lib/python3.14/site-packages/django/template/loader.py", line 47, in select_template
    raise TemplateDoesNotExist(", ".join(template_name_list), chain=chain)
django.template.exceptions.TemplateDoesNotExist: users/client_detail.html
"GET /users/clients/1/ HTTP/1.1" 500 79111
/Users/kategorbenko/Sem4/IGI/LR55/store/views.py changed, reloading.
Watching for file changes with StatReloader
/Users/kategorbenko/Sem4/IGI/LR55/store/urls.py changed, reloading.
Watching for file changes with StatReloader
"GET / HTTP/1.1" 200 2507
"GET / HTTP/1.1" 200 2507
"GET /orders/promocodes/ HTTP/1.1" 200 2202
"POST /users/logout/ HTTP/1.1" 302 0
"GET /users/login/ HTTP/1.1" 200 1889
"POST /users/login/ HTTP/1.1" 302 0
"GET /users/profile/ HTTP/1.1" 200 3187
"GET /admin/ HTTP/1.1" 200 19758
"GET /admin/users/customuser/ HTTP/1.1" 200 22303
"GET /admin/jsi18n/ HTTP/1.1" 200 3342
"GET /static/admin/css/changelists.css HTTP/1.1" 304 0
"GET /static/admin/js/jquery.init.js HTTP/1.1" 304 0
"GET /static/admin/js/core.js HTTP/1.1" 304 0
"GET /static/admin/js/admin/RelatedObjectLookups.js HTTP/1.1" 304 0
"GET /static/admin/js/actions.js HTTP/1.1" 304 0
"GET /static/admin/js/vendor/jquery/jquery.js HTTP/1.1" 304 0
"GET /static/admin/js/filters.js HTTP/1.1" 304 0
"GET /static/admin/js/urlify.js HTTP/1.1" 304 0
"GET /static/admin/js/prepopulate.js HTTP/1.1" 304 0
"GET /static/admin/img/search.svg HTTP/1.1" 304 0
"GET /static/admin/js/vendor/xregexp/xregexp.js HTTP/1.1" 304 0
"GET /static/admin/img/tooltag-add.svg HTTP/1.1" 304 0
"GET /static/admin/img/icon-viewlink.svg HTTP/1.1" 304 0
"GET /static/admin/img/sorting-icons.svg HTTP/1.1" 304 0
"GET /admin/users/customuser/4/change/ HTTP/1.1" 200 40368
"GET /static/admin/js/prepopulate_init.js HTTP/1.1" 304 0
"GET /static/admin/js/calendar.js HTTP/1.1" 304 0
"GET /static/admin/js/SelectBox.js HTTP/1.1" 304 0
"GET /static/admin/css/forms.css HTTP/1.1" 304 0
"GET /static/admin/js/change_form.js HTTP/1.1" 304 0
"GET /static/admin/css/widgets.css HTTP/1.1" 304 0
"GET /static/admin/js/admin/DateTimeShortcuts.js HTTP/1.1" 304 0
"GET /static/admin/js/SelectFilter2.js HTTP/1.1" 304 0
"GET /admin/jsi18n/ HTTP/1.1" 200 3342
"GET /static/admin/img/selector-icons.svg HTTP/1.1" 304 0
"GET /static/admin/img/icon-calendar.svg HTTP/1.1" 304 0
"GET /static/admin/img/icon-clock.svg HTTP/1.1" 304 0
"GET /admin/users/customuser/4/password/ HTTP/1.1" 200 16383
"GET /static/admin/css/unusable_password_field.css HTTP/1.1" 304 0
"POST /admin/users/customuser/4/password/ HTTP/1.1" 302 0
"GET /admin/users/customuser/4/change/ HTTP/1.1" 200 40504
"GET /admin/jsi18n/ HTTP/1.1" 200 3342
"GET /static/admin/img/icon-yes.svg HTTP/1.1" 304 0
"GET / HTTP/1.1" 200 2706
Internal Server Error: /orders/dashboard/
Traceback (most recent call last):
  File "/Users/kategorbenko/Sem4/IGI/LR55/venv/lib/python3.14/site-packages/django/core/handlers/exception.py", line 55, in inner
    response = get_response(request)
  File "/Users/kategorbenko/Sem4/IGI/LR55/venv/lib/python3.14/site-packages/django/core/handlers/base.py", line 198, in _get_response
    response = wrapped_callback(request, *callback_args, **callback_kwargs)
  File "/Users/kategorbenko/Sem4/IGI/LR55/orders/views.py", line 86, in admin_dashboard
    orders_totals = list(Order.objects.annotate(total=Coalesce(Sum(F('orderitem__quantity') * F('orderitem__price_at_purchase')), 0.0)).values_list('total', flat=True))
  File "/Users/kategorbenko/Sem4/IGI/LR55/venv/lib/python3.14/site-packages/django/db/models/query.py", line 390, in __iter__
    self._fetch_all()
    ~~~~~~~~~~~~~~~^^
  File "/Users/kategorbenko/Sem4/IGI/LR55/venv/lib/python3.14/site-packages/django/db/models/query.py", line 2000, in _fetch_all
    self._result_cache = list(self._iterable_class(self))
                         ~~~~^^^^^^^^^^^^^^^^^^^^^^^^^^^^
  File "/Users/kategorbenko/Sem4/IGI/LR55/venv/lib/python3.14/site-packages/django/db/models/query.py", line 277, in __iter__
    for row in compiler.results_iter(
               ~~~~~~~~~~~~~~~~~~~~~^
        chunked_fetch=self.chunked_fetch, chunk_size=self.chunk_size
        ^^^^^^^^^^^^^^^^^^^^^^^^^^^^^^^^^^^^^^^^^^^^^^^^^^^^^^^^^^^^
    ):
    ^
  File "/Users/kategorbenko/Sem4/IGI/LR55/venv/lib/python3.14/site-packages/django/db/models/sql/compiler.py", line 1573, in results_iter
    results = self.execute_sql(
        MULTI, chunked_fetch=chunked_fetch, chunk_size=chunk_size
    )
  File "/Users/kategorbenko/Sem4/IGI/LR55/venv/lib/python3.14/site-packages/django/db/models/sql/compiler.py", line 1611, in execute_sql
    sql, params = self.as_sql()
                  ~~~~~~~~~~~^^
  File "/Users/kategorbenko/Sem4/IGI/LR55/venv/lib/python3.14/site-packages/django/db/models/sql/compiler.py", line 767, in as_sql
    extra_select, order_by, group_by = self.pre_sql_setup(
                                       ~~~~~~~~~~~~~~~~~~^
        with_col_aliases=with_col_aliases or bool(combinator),
        ^^^^^^^^^^^^^^^^^^^^^^^^^^^^^^^^^^^^^^^^^^^^^^^^^^^^^^
    )
    ^
  File "/Users/kategorbenko/Sem4/IGI/LR55/venv/lib/python3.14/site-packages/django/db/models/sql/compiler.py", line 86, in pre_sql_setup
    self.setup_query(with_col_aliases=with_col_aliases)
    ~~~~~~~~~~~~~~~~^^^^^^^^^^^^^^^^^^^^^^^^^^^^^^^^^^^
  File "/Users/kategorbenko/Sem4/IGI/LR55/venv/lib/python3.14/site-packages/django/db/models/sql/compiler.py", line 75, in setup_query
    self.select, self.klass_info, self.annotation_col_map = self.get_select(
                                                            ~~~~~~~~~~~~~~~^
        with_col_aliases=with_col_aliases,
        ^^^^^^^^^^^^^^^^^^^^^^^^^^^^^^^^^^
    )
    ^
  File "/Users/kategorbenko/Sem4/IGI/LR55/venv/lib/python3.14/site-packages/django/db/models/sql/compiler.py", line 330, in get_select
    sql, params = col.select_format(self, sql, params)
                  ~~~~~~~~~~~~~~~~~^^^^^^^^^^^^^^^^^^^
  File "/Users/kategorbenko/Sem4/IGI/LR55/venv/lib/python3.14/site-packages/django/db/models/expressions.py", line 499, in select_format
    if hasattr(self.output_field, "select_format"):
               ^^^^^^^^^^^^^^^^^
  File "/Users/kategorbenko/Sem4/IGI/LR55/venv/lib/python3.14/site-packages/django/utils/functional.py", line 47, in __get__
    res = instance.__dict__[self.name] = self.func(instance)
                                         ~~~~~~~~~^^^^^^^^^^
  File "/Users/kategorbenko/Sem4/IGI/LR55/venv/lib/python3.14/site-packages/django/db/models/expressions.py", line 328, in output_field
    output_field = self._resolve_output_field()
  File "/Users/kategorbenko/Sem4/IGI/LR55/venv/lib/python3.14/site-packages/django/db/models/expressions.py", line 366, in _resolve_output_field
    raise FieldError(
    ...<6 lines>...
    )
django.core.exceptions.FieldError: Expression contains mixed types: DecimalField, FloatField. You must set output_field.
"GET /orders/dashboard/ HTTP/1.1" 500 125187
"POST /users/logout/ HTTP/1.1" 302 0
"GET /users/login/ HTTP/1.1" 200 1889
"POST /users/login/ HTTP/1.1" 302 0
"GET /users/profile/ HTTP/1.1" 200 2845
"POST /users/logout/ HTTP/1.1" 302 0
"GET /users/login/ HTTP/1.1" 200 1889
"POST /users/login/ HTTP/1.1" 302 0
"GET /users/profile/ HTTP/1.1" 200 2823
"GET / HTTP/1.1" 200 2387
"GET /about/ HTTP/1.1" 200 2049
"GET /store/ HTTP/1.1" 200 9290
"GET /news/ HTTP/1.1" 200 2002
"GET /news/2026/opening-day/ HTTP/1.1" 200 1863
"GET /news/ HTTP/1.1" 200 2002
"GET /news/ HTTP/1.1" 200 2002
"GET /glossary/ HTTP/1.1" 200 3393
"GET /contacts/ HTTP/1.1" 200 2005
"GET /vacancies/ HTTP/1.1" 200 1929
"GET /reviews/ HTTP/1.1" 200 1973
"GET /store/ HTTP/1.1" 200 9290
"GET /store/1/ HTTP/1.1" 200 2760
"GET /privacy/ HTTP/1.1" 200 1779
"GET /users/profile/ HTTP/1.1" 200 2798
"POST /users/logout/ HTTP/1.1" 302 0
"GET /users/login/ HTTP/1.1" 200 1889
"POST /users/login/ HTTP/1.1" 302 0
"GET /users/profile/ HTTP/1.1" 200 3274
/Users/kategorbenko/Sem4/IGI/LR55/orders/views.py changed, reloading.
Watching for file changes with StatReloader
/Users/kategorbenko/Sem4/IGI/LR55/orders/views.py changed, reloading.
Watching for file changes with StatReloader
/Users/kategorbenko/Sem4/IGI/LR55/orders/views.py changed, reloading.
Watching for file changes with StatReloader
/Users/kategorbenko/Sem4/IGI/LR55/orders/views.py changed, reloading.
Watching for file changes with StatReloader
"GET / HTTP/1.1" 200 2706
Internal Server Error: /orders/dashboard/
Traceback (most recent call last):
  File "/Users/kategorbenko/Sem4/IGI/LR55/venv/lib/python3.14/site-packages/django/core/handlers/exception.py", line 55, in inner
    response = get_response(request)
  File "/Users/kategorbenko/Sem4/IGI/LR55/venv/lib/python3.14/site-packages/django/core/handlers/base.py", line 198, in _get_response
    response = wrapped_callback(request, *callback_args, **callback_kwargs)
  File "/Users/kategorbenko/Sem4/IGI/LR55/venv/lib/python3.14/site-packages/django/contrib/auth/decorators.py", line 59, in _view_wrapper
    return view_func(request, *args, **kwargs)
  File "/Users/kategorbenko/Sem4/IGI/LR55/orders/views.py", line 96, in admin_dashboard
    output_field=models.DecimalField(max_digits=10, decimal_places=2)
                 ^^^^^^^^^^^^^^^^^^^
AttributeError: module 'info.models' has no attribute 'DecimalField'
"GET /orders/dashboard/ HTTP/1.1" 500 71655
/Users/kategorbenko/Sem4/IGI/LR55/orders/views.py changed, reloading.
Watching for file changes with StatReloader
"GET / HTTP/1.1" 200 2706
"GET /orders/dashboard/ HTTP/1.1" 200 7147
/Users/kategorbenko/Sem4/IGI/LR55/store/views.py changed, reloading.
Watching for file changes with StatReloader
/Users/kategorbenko/Sem4/IGI/LR55/store/urls.py changed, reloading.
Watching for file changes with StatReloader
"GET / HTTP/1.1" 200 2706
"GET /reviews/ HTTP/1.1" 200 2292
"GET /store/ HTTP/1.1" 200 6945
Internal Server Error: /store/edit/1/
Traceback (most recent call last):
  File "/Users/kategorbenko/Sem4/IGI/LR55/venv/lib/python3.14/site-packages/django/core/handlers/exception.py", line 55, in inner
    response = get_response(request)
  File "/Users/kategorbenko/Sem4/IGI/LR55/venv/lib/python3.14/site-packages/django/core/handlers/base.py", line 198, in _get_response
    response = wrapped_callback(request, *callback_args, **callback_kwargs)
  File "/Users/kategorbenko/Sem4/IGI/LR55/store/views.py", line 65, in product_edit
    return render(request, 'store/product_form.html', {'product': product})
  File "/Users/kategorbenko/Sem4/IGI/LR55/venv/lib/python3.14/site-packages/django/shortcuts.py", line 25, in render
    content = loader.render_to_string(template_name, context, request, using=using)
  File "/Users/kategorbenko/Sem4/IGI/LR55/venv/lib/python3.14/site-packages/django/template/loader.py", line 61, in render_to_string
    template = get_template(template_name, using=using)
  File "/Users/kategorbenko/Sem4/IGI/LR55/venv/lib/python3.14/site-packages/django/template/loader.py", line 19, in get_template
    raise TemplateDoesNotExist(template_name, chain=chain)
django.template.exceptions.TemplateDoesNotExist: store/product_form.html
"GET /store/edit/1/ HTTP/1.1" 500 80297
"GET /store/1/ HTTP/1.1" 200 3177
"POST /store/add_review/1/ HTTP/1.1" 302 0
"GET /store/1/ HTTP/1.1" 200 3295
"GET /store/ HTTP/1.1" 200 6945
"GET /store/1/ HTTP/1.1" 200 3295
"GET /store/ HTTP/1.1" 200 6945
Internal Server Error: /store/edit/1/
Traceback (most recent call last):
  File "/Users/kategorbenko/Sem4/IGI/LR55/venv/lib/python3.14/site-packages/django/core/handlers/exception.py", line 55, in inner
    response = get_response(request)
  File "/Users/kategorbenko/Sem4/IGI/LR55/venv/lib/python3.14/site-packages/django/core/handlers/base.py", line 198, in _get_response
    response = wrapped_callback(request, *callback_args, **callback_kwargs)
  File "/Users/kategorbenko/Sem4/IGI/LR55/store/views.py", line 65, in product_edit
    return render(request, 'store/product_form.html', {'product': product})
  File "/Users/kategorbenko/Sem4/IGI/LR55/venv/lib/python3.14/site-packages/django/shortcuts.py", line 25, in render
    content = loader.render_to_string(template_name, context, request, using=using)
  File "/Users/kategorbenko/Sem4/IGI/LR55/venv/lib/python3.14/site-packages/django/template/loader.py", line 61, in render_to_string
    template = get_template(template_name, using=using)
  File "/Users/kategorbenko/Sem4/IGI/LR55/venv/lib/python3.14/site-packages/django/template/loader.py", line 19, in get_template
    raise TemplateDoesNotExist(template_name, chain=chain)
django.template.exceptions.TemplateDoesNotExist: store/product_form.html
"GET /store/edit/1/ HTTP/1.1" 500 80297
/Users/kategorbenko/Sem4/IGI/LR55/store/views.py changed, reloading.
Watching for file changes with StatReloader
"GET / HTTP/1.1" 200 2706
"GET /reviews/ HTTP/1.1" 200 2502
"GET /store/ HTTP/1.1" 200 6945
"GET /store/edit/1/ HTTP/1.1" 200 3386
"POST /store/edit/1/ HTTP/1.1" 302 0
"GET /store/1/ HTTP/1.1" 200 3305
"GET /orders/promocodes/ HTTP/1.1" 200 2810
Internal Server Error: /orders/promocodes/create/
Traceback (most recent call last):
  File "/Users/kategorbenko/Sem4/IGI/LR55/venv/lib/python3.14/site-packages/django/core/handlers/exception.py", line 55, in inner
    response = get_response(request)
  File "/Users/kategorbenko/Sem4/IGI/LR55/venv/lib/python3.14/site-packages/django/core/handlers/base.py", line 198, in _get_response
    response = wrapped_callback(request, *callback_args, **callback_kwargs)
  File "/Users/kategorbenko/Sem4/IGI/LR55/orders/views.py", line 39, in promocode_create
    return render(request, 'orders/promocode_form.html')
  File "/Users/kategorbenko/Sem4/IGI/LR55/venv/lib/python3.14/site-packages/django/shortcuts.py", line 25, in render
    content = loader.render_to_string(template_name, context, request, using=using)
  File "/Users/kategorbenko/Sem4/IGI/LR55/venv/lib/python3.14/site-packages/django/template/loader.py", line 61, in render_to_string
    template = get_template(template_name, using=using)
  File "/Users/kategorbenko/Sem4/IGI/LR55/venv/lib/python3.14/site-packages/django/template/loader.py", line 19, in get_template
    raise TemplateDoesNotExist(template_name, chain=chain)
django.template.exceptions.TemplateDoesNotExist: orders/promocode_form.html
"GET /orders/promocodes/create/ HTTP/1.1" 500 79820
"GET / HTTP/1.1" 200 2706
Not Found: /apple-touch-icon-precomposed.png
Not Found: /apple-touch-icon.png
Not Found: /favicon.ico
"GET /apple-touch-icon-precomposed.png HTTP/1.1" 404 6094
"GET /apple-touch-icon.png HTTP/1.1" 404 6058
"GET /favicon.ico HTTP/1.1" 404 6031
"GET /orders/promocodes/ HTTP/1.1" 200 2810
"GET /orders/promocodes/edit/1/ HTTP/1.1" 200 3033
"POST /orders/promocodes/edit/1/ HTTP/1.1" 302 0
"GET /orders/promocodes/ HTTP/1.1" 200 2810
"GET /orders/promocodes/create/ HTTP/1.1" 200 2829
"POST /orders/promocodes/create/ HTTP/1.1" 302 0
"GET /orders/promocodes/ HTTP/1.1" 200 3190
"GET /orders/promocodes/delete/3/ HTTP/1.1" 302 0
"GET /orders/promocodes/ HTTP/1.1" 200 2810
"GET /orders/promocodes/ HTTP/1.1" 200 2803
"GET /news/ HTTP/1.1" 200 2321
"GET /reviews/ HTTP/1.1" 200 2502
"GET /store/ HTTP/1.1" 200 6945
/Users/kategorbenko/Sem4/IGI/LR55/users/urls.py changed, reloading.
Watching for file changes with StatReloader
/Users/kategorbenko/Sem4/IGI/LR55/users/views.py changed, reloading.
Watching for file changes with StatReloader
"GET / HTTP/1.1" 200 2706
"GET /users/profile/ HTTP/1.1" 200 3052
"GET /orders/dashboard/ HTTP/1.1" 200 7147
"GET /users/clients/ HTTP/1.1" 200 2954
"GET /users/clients/1/ HTTP/1.1" 200 2315
"GET /users/clients/ HTTP/1.1" 200 2954
"GET /users/clients/5/ HTTP/1.1" 200 2327
"GET /users/clients/ HTTP/1.1" 200 2954
"GET /users/clients/6/ HTTP/1.1" 200 2327
"GET /users/clients/ HTTP/1.1" 200 2954
"GET /orders/dashboard/ HTTP/1.1" 200 7147
"GET / HTTP/1.1" 200 2706
"GET / HTTP/1.1" 200 2706
"GET /users/clients/ HTTP/1.1" 200 2954
"POST /users/logout/ HTTP/1.1" 302 0
"GET /users/login/ HTTP/1.1" 200 1889
"POST /users/login/ HTTP/1.1" 302 0
"GET /users/profile/ HTTP/1.1" 200 2744
"GET /users/profile/ HTTP/1.1" 200 2792
"GET /privacy/ HTTP/1.1" 200 1779
"GET /reviews/ HTTP/1.1" 200 2183
"GET /vacancies/ HTTP/1.1" 200 1929
"GET /contacts/ HTTP/1.1" 200 2005
"GET /media/contacts/-9.jpg HTTP/1.1" 304 0
"GET /orders/promocodes/ HTTP/1.1" 200 2075
"GET /store/ HTTP/1.1" 200 4733
"GET /store/4/ HTTP/1.1" 200 2852
"GET /store/ HTTP/1.1" 200 4733
"GET /about/ HTTP/1.1" 200 2049
"GET /contacts/ HTTP/1.1" 200 2005
"GET /reviews/ HTTP/1.1" 200 2183
"GET / HTTP/1.1" 200 2387
"GET /news/2026/opening-day/ HTTP/1.1" 200 1863
"GET /news/ HTTP/1.1" 200 2002
"GET /news/2026/opening-day/ HTTP/1.1" 200 1863
"GET /news/ HTTP/1.1" 200 2002
"GET /users/profile/ HTTP/1.1" 200 2722
"POST /users/logout/ HTTP/1.1" 302 0
"GET /users/login/ HTTP/1.1" 200 1889
"POST /users/login/ HTTP/1.1" 302 0
"GET /users/profile/ HTTP/1.1" 200 3031
"GET / HTTP/1.1" 200 2693
"GET /news/ HTTP/1.1" 200 2321
"GET /glossary/ HTTP/1.1" 200 3712
"GET /contacts/ HTTP/1.1" 200 2324
"GET /vacancies/ HTTP/1.1" 200 2248
"GET /reviews/ HTTP/1.1" 200 2502
"GET /privacy/ HTTP/1.1" 200 2098
"GET /users/clients/ HTTP/1.1" 200 2954
"GET /users/profile/ HTTP/1.1" 200 2967
- Broken pipe from ('127.0.0.1', 60818)
"GET /users/clients/ HTTP/1.1" 200 2954
"GET /users/clients/ HTTP/1.1" 200 2954
"GET / HTTP/1.1" 200 2693
"GET /glossary/ HTTP/1.1" 200 3712
"GET /orders/promocodes/ HTTP/1.1" 200 2803
"GET /orders/dashboard/ HTTP/1.1" 200 7147
"GET / HTTP/1.1" 200 2693
Not Found: /apple-touch-icon-precomposed.png
Not Found: /favicon.ico
Not Found: /apple-touch-icon.png
"GET /favicon.ico HTTP/1.1" 404 6031
"GET /apple-touch-icon-precomposed.png HTTP/1.1" 404 6094
"GET /apple-touch-icon.png HTTP/1.1" 404 6058
"GET /admin/ HTTP/1.1" 200 19760
"GET / HTTP/1.1" 200 2693
"GET / HTTP/1.1" 200 2693
"GET /about/ HTTP/1.1" 200 2368
"GET /media/company/f9876904d16fa734c312715150f40317.jpg HTTP/1.1" 304 0
"POST /users/logout/ HTTP/1.1" 302 0
"GET /users/login/ HTTP/1.1" 200 1889
"GET /store/ HTTP/1.1" 200 4384
"GET /store/1/ HTTP/1.1" 200 1857
"GET /users/login/ HTTP/1.1" 200 1889
"GET /privacy/ HTTP/1.1" 200 1430
"GET /users/login/ HTTP/1.1" 200 1889
"GET /privacy/ HTTP/1.1" 200 1430
"GET /users/register/ HTTP/1.1" 200 3959
"GET /users/login/ HTTP/1.1" 200 1889
"POST /users/login/ HTTP/1.1" 302 0
"GET /users/profile/ HTTP/1.1" 200 2993
/Users/kategorbenko/Sem4/IGI/LR55/info/models.py changed, reloading.
Watching for file changes with StatReloader
/Users/kategorbenko/Sem4/IGI/LR55/orders/admin.py changed, reloading.
Watching for file changes with StatReloader
/Users/kategorbenko/Sem4/IGI/LR55/orders/admin.py changed, reloading.
Watching for file changes with StatReloader
/Users/kategorbenko/Sem4/IGI/LR55/orders/admin.py changed, reloading.
Watching for file changes with StatReloader
/Users/kategorbenko/Sem4/IGI/LR55/orders/admin.py changed, reloading.
Watching for file changes with StatReloader
/Users/kategorbenko/Sem4/IGI/LR55/orders/views.py changed, reloading.
Watching for file changes with StatReloader
/Users/kategorbenko/Sem4/IGI/LR55/orders/views.py changed, reloading.
Watching for file changes with StatReloader
"GET / HTTP/1.1" 200 2693
Not Found: /apple-touch-icon-precomposed.png
Not Found: /favicon.ico
Not Found: /apple-touch-icon.png
"GET /apple-touch-icon-precomposed.png HTTP/1.1" 404 6094
"GET /apple-touch-icon.png HTTP/1.1" 404 6058
"GET /favicon.ico HTTP/1.1" 404 6031
"GET /orders/dashboard/ HTTP/1.1" 200 17572
/Users/kategorbenko/Sem4/IGI/LR55/orders/views.py changed, reloading.
Watching for file changes with StatReloader
/Users/kategorbenko/Sem4/IGI/LR55/orders/views.py changed, reloading.
Watching for file changes with StatReloader
"GET / HTTP/1.1" 200 2693
"GET /orders/dashboard/ HTTP/1.1" 200 17737
"GET / HTTP/1.1" 200 2693
"GET /orders/dashboard/ HTTP/1.1" 200 17573
"GET / HTTP/1.1" 200 2693
"GET /orders/dashboard/ HTTP/1.1" 200 17737
"GET / HTTP/1.1" 200 2693
"GET /orders/dashboard/ HTTP/1.1" 200 17614
Watching for file changes with StatReloader
"GET / HTTP/1.1" 200 2693
"GET /orders/dashboard/ HTTP/1.1" 200 17573
/Users/kategorbenko/Sem4/IGI/LR55/orders/views.py changed, reloading.
Watching for file changes with StatReloader
/Users/kategorbenko/Sem4/IGI/LR55/orders/views.py changed, reloading.
Watching for file changes with StatReloader
"GET / HTTP/1.1" 200 2693
"GET /orders/dashboard/ HTTP/1.1" 200 17573
Watching for file changes with StatReloader
"GET / HTTP/1.1" 200 2025
Not Found: /favicon.ico
"GET /favicon.ico HTTP/1.1" 404 6031
"GET / HTTP/1.1" 200 2693
"GET /orders/dashboard/ HTTP/1.1" 200 16692
"GET / HTTP/1.1" 200 2025
"GET / HTTP/1.1" 200 2693
"GET /orders/dashboard/ HTTP/1.1" 200 17004
"GET /orders/dashboard/ HTTP/1.1" 200 16816
"GET /orders/dashboard/ HTTP/1.1" 200 17004
Not Found: /apple-touch-icon-precomposed.png
Not Found: /apple-touch-icon.png
"GET /apple-touch-icon-precomposed.png HTTP/1.1" 404 6094
Not Found: /favicon.ico
"GET /apple-touch-icon.png HTTP/1.1" 404 6058
"GET /favicon.ico HTTP/1.1" 404 6031
"GET /orders/dashboard/ HTTP/1.1" 302 0
"GET /users/login/?next=/orders/dashboard/ HTTP/1.1" 200 1889
Not Found: /favicon.ico
"GET /favicon.ico HTTP/1.1" 404 6031
"POST /users/login/?next=/orders/dashboard/ HTTP/1.1" 302 0
"GET /users/profile/ HTTP/1.1" 200 2959
"GET /orders/dashboard/ HTTP/1.1" 200 17004
Not Found: /.well-known/appspecific/com.chrome.devtools.json
"GET /.well-known/appspecific/com.chrome.devtools.json HTTP/1.1" 404 6142
"GET /users/clients/ HTTP/1.1" 200 2954
Not Found: /.well-known/appspecific/com.chrome.devtools.json
"GET /.well-known/appspecific/com.chrome.devtools.json HTTP/1.1" 404 6142
"GET /orders/dashboard/ HTTP/1.1" 200 17004
Not Found: /.well-known/appspecific/com.chrome.devtools.json
"GET /.well-known/appspecific/com.chrome.devtools.json HTTP/1.1" 404 6142
"GET /orders/dashboard/ HTTP/1.1" 200 16816
Not Found: /.well-known/appspecific/com.chrome.devtools.json
"GET /.well-known/appspecific/com.chrome.devtools.json HTTP/1.1" 404 6142
"GET /orders/dashboard/ HTTP/1.1" 200 16762
Not Found: /.well-known/appspecific/com.chrome.devtools.json
"GET /.well-known/appspecific/com.chrome.devtools.json HTTP/1.1" 404 6142
"GET / HTTP/1.1" 200 2025
"GET /orders/dashboard/ HTTP/1.1" 200 17162
Not Found: /.well-known/appspecific/com.chrome.devtools.json
"GET /.well-known/appspecific/com.chrome.devtools.json HTTP/1.1" 404 6142
/Users/kategorbenko/Sem4/IGI/LR55/orders/views.py changed, reloading.
Watching for file changes with StatReloader
/Users/kategorbenko/Sem4/IGI/LR55/orders/views.py changed, reloading.
Watching for file changes with StatReloader
"GET /orders/dashboard/ HTTP/1.1" 200 17124
Not Found: /.well-known/appspecific/com.chrome.devtools.json
"GET /.well-known/appspecific/com.chrome.devtools.json HTTP/1.1" 404 6142
/Users/kategorbenko/Sem4/IGI/LR55/orders/views.py changed, reloading.
Watching for file changes with StatReloader
/Users/kategorbenko/Sem4/IGI/LR55/orders/views.py changed, reloading.
Watching for file changes with StatReloader
"GET /orders/dashboard/ HTTP/1.1" 200 5352
Not Found: /.well-known/appspecific/com.chrome.devtools.json
"GET /.well-known/appspecific/com.chrome.devtools.json HTTP/1.1" 404 6142
"GET /orders/dashboard/ HTTP/1.1" 200 17124
Not Found: /.well-known/appspecific/com.chrome.devtools.json
"GET /.well-known/appspecific/com.chrome.devtools.json HTTP/1.1" 404 6142
"GET /orders/dashboard/ HTTP/1.1" 200 16262
Not Found: /.well-known/appspecific/com.chrome.devtools.json
"GET /.well-known/appspecific/com.chrome.devtools.json HTTP/1.1" 404 6142
"GET /orders/dashboard/ HTTP/1.1" 200 16711
Not Found: /.well-known/appspecific/com.chrome.devtools.json
"GET /.well-known/appspecific/com.chrome.devtools.json HTTP/1.1" 404 6142
"GET /orders/dashboard/ HTTP/1.1" 200 16262
Not Found: /.well-known/appspecific/com.chrome.devtools.json
"GET /.well-known/appspecific/com.chrome.devtools.json HTTP/1.1" 404 6142
/Users/kategorbenko/Sem4/IGI/LR55/orders/views.py changed, reloading.
Watching for file changes with StatReloader
/Users/kategorbenko/Sem4/IGI/LR55/orders/views.py changed, reloading.
Watching for file changes with StatReloader
"GET /orders/dashboard/ HTTP/1.1" 200 16262
Not Found: /.well-known/appspecific/com.chrome.devtools.json
"GET /.well-known/appspecific/com.chrome.devtools.json HTTP/1.1" 404 6142
"GET /admin/ HTTP/1.1" 200 19760
Not Found: /.well-known/appspecific/com.chrome.devtools.json
"GET /.well-known/appspecific/com.chrome.devtools.json HTTP/1.1" 404 6142
- Broken pipe from ('127.0.0.1', 55002)
"GET /static/admin/css/dark_mode.css HTTP/1.1" 200 3538
"GET /static/admin/css/dashboard.css HTTP/1.1" 200 441
"GET /static/admin/css/nav_sidebar.css HTTP/1.1" 200 2810
"GET /static/admin/css/responsive.css HTTP/1.1" 200 16273
"GET /static/admin/js/theme.js HTTP/1.1" 200 1653
"GET /static/admin/css/base.css HTTP/1.1" 200 23100
"GET /static/admin/js/nav_sidebar.js HTTP/1.1" 200 3063
"GET /static/admin/img/icon-addlink.svg HTTP/1.1" 200 593
"GET /static/admin/img/icon-changelink.svg HTTP/1.1" 200 978
"GET /admin/orders/order/add/ HTTP/1.1" 200 28858
Not Found: /.well-known/appspecific/com.chrome.devtools.json
"GET /.well-known/appspecific/com.chrome.devtools.json HTTP/1.1" 404 6142
"GET /static/admin/css/forms.css HTTP/1.1" 200 8831
"GET /static/admin/js/calendar.js HTTP/1.1" 200 9159
"GET /static/admin/js/jquery.init.js HTTP/1.1" 200 347
"GET /static/admin/js/admin/DateTimeShortcuts.js HTTP/1.1" 200 19698
"GET /static/admin/js/core.js HTTP/1.1" 200 6208
"GET /static/admin/js/inlines.js HTTP/1.1" 200 15628
"GET /static/admin/css/widgets.css HTTP/1.1" 200 11811
"GET /admin/jsi18n/ HTTP/1.1" 200 3342
"GET /static/admin/js/admin/RelatedObjectLookups.js HTTP/1.1" 200 9777
"GET /static/admin/js/actions.js HTTP/1.1" 200 8076
"GET /static/admin/js/prepopulate.js HTTP/1.1" 200 1531
"GET /static/admin/js/prepopulate_init.js HTTP/1.1" 200 586
"GET /static/admin/js/urlify.js HTTP/1.1" 200 7887
"GET /static/admin/js/vendor/jquery/jquery.js HTTP/1.1" 200 285314
"GET /static/admin/img/icon-viewlink.svg HTTP/1.1" 200 928
"GET /static/admin/js/vendor/xregexp/xregexp.js HTTP/1.1" 200 325171
"GET /static/admin/img/icon-deletelink.svg HTTP/1.1" 200 689
"GET /static/admin/js/change_form.js HTTP/1.1" 200 606
"GET /static/admin/img/inline-delete.svg HTTP/1.1" 200 651
"GET /static/admin/img/icon-calendar.svg HTTP/1.1" 200 1112
"GET /static/admin/img/calendar-icons.svg HTTP/1.1" 200 1320
"POST /admin/orders/order/add/ HTTP/1.1" 302 0
"GET /admin/orders/order/ HTTP/1.1" 200 21714
Not Found: /.well-known/appspecific/com.chrome.devtools.json
"GET /.well-known/appspecific/com.chrome.devtools.json HTTP/1.1" 404 6142
"GET /static/admin/css/changelists.css HTTP/1.1" 200 7498
"GET /admin/jsi18n/ HTTP/1.1" 200 3342
"GET /static/admin/js/filters.js HTTP/1.1" 200 978
"GET /static/admin/img/icon-yes.svg HTTP/1.1" 200 558
"GET /static/admin/img/tooltag-add.svg HTTP/1.1" 200 593
"GET /admin/orders/order/add/ HTTP/1.1" 200 28858
Not Found: /.well-known/appspecific/com.chrome.devtools.json
"GET /.well-known/appspecific/com.chrome.devtools.json HTTP/1.1" 404 6142
"GET /admin/jsi18n/ HTTP/1.1" 200 3342
"POST /admin/orders/order/add/ HTTP/1.1" 302 0
"GET /admin/orders/order/ HTTP/1.1" 200 22223
Not Found: /.well-known/appspecific/com.chrome.devtools.json
"GET /.well-known/appspecific/com.chrome.devtools.json HTTP/1.1" 404 6142
"GET /admin/jsi18n/ HTTP/1.1" 200 3342
"GET / HTTP/1.1" 200 2693
Not Found: /.well-known/appspecific/com.chrome.devtools.json
"GET /.well-known/appspecific/com.chrome.devtools.json HTTP/1.1" 404 6142
"GET /orders/dashboard/ HTTP/1.1" 200 16263
Not Found: /.well-known/appspecific/com.chrome.devtools.json
"GET /.well-known/appspecific/com.chrome.devtools.json HTTP/1.1" 404 6142
Watching for file changes with StatReloader
Watching for file changes with StatReloader
"GET /orders/dashboard/ HTTP/1.1" 200 18683
Not Found: /.well-known/appspecific/com.chrome.devtools.json
"GET /.well-known/appspecific/com.chrome.devtools.json HTTP/1.1" 404 6142
Watching for file changes with StatReloader
"GET / HTTP/1.1" 200 2048
"GET / HTTP/1.1" 200 2716
Not Found: /favicon.ico
Not Found: /apple-touch-icon-precomposed.png
Not Found: /apple-touch-icon.png
"GET /favicon.ico HTTP/1.1" 404 6031
Not Found: /favicon.ico
"GET /apple-touch-icon-precomposed.png HTTP/1.1" 404 6094
"GET /apple-touch-icon.png HTTP/1.1" 404 6058
"GET /favicon.ico HTTP/1.1" 404 6031
"GET / HTTP/1.1" 200 2716
"GET /about/ HTTP/1.1" 200 2368
"GET /media/company/f9876904d16fa734c312715150f40317.jpg HTTP/1.1" 304 0
"GET /store/ HTTP/1.1" 200 6945
"GET /orders/promocodes/ HTTP/1.1" 200 2803
"GET /news/ HTTP/1.1" 200 3395
"GET /glossary/ HTTP/1.1" 200 3712
"GET /contacts/ HTTP/1.1" 200 2324
"GET /media/contacts/-9.jpg HTTP/1.1" 304 0
"GET /vacancies/ HTTP/1.1" 200 2842
"GET /reviews/ HTTP/1.1" 200 2502
"GET /privacy/ HTTP/1.1" 200 2098
"GET /users/profile/ HTTP/1.1" 200 3029
"GET /users/clients/ HTTP/1.1" 200 4278
"GET /users/clients/7/ HTTP/1.1" 200 2331
"GET /users/clients/ HTTP/1.1" 200 4278
"GET /orders/dashboard/ HTTP/1.1" 200 18683
"GET /admin/ HTTP/1.1" 200 19706
"GET /static/admin/css/dark_mode.css HTTP/1.1" 304 0
"GET /static/admin/js/theme.js HTTP/1.1" 304 0
"GET /static/admin/js/nav_sidebar.js HTTP/1.1" 304 0
"GET /static/admin/img/icon-addlink.svg HTTP/1.1" 304 0
"GET /static/admin/css/nav_sidebar.css HTTP/1.1" 304 0
"GET /static/admin/css/responsive.css HTTP/1.1" 304 0
"GET /static/admin/css/base.css HTTP/1.1" 304 0
"GET /static/admin/css/dashboard.css HTTP/1.1" 304 0
"GET /static/admin/img/icon-changelink.svg HTTP/1.1" 304 0
"GET / HTTP/1.1" 200 2716
"GET /news/2026/novost-3/ HTTP/1.1" 200 2212
"GET /news/ HTTP/1.1" 200 3395
"GET /about/ HTTP/1.1" 200 2368
"GET /users/clients/ HTTP/1.1" 200 4278
"GET /users/clients/1/ HTTP/1.1" 200 2315
"GET /users/clients/ HTTP/1.1" 200 4278
"GET /orders/dashboard/ HTTP/1.1" 200 18683
"GET /users/clients/ HTTP/1.1" 200 4278
"GET /users/profile/ HTTP/1.1" 200 3110
"GET /privacy/ HTTP/1.1" 200 2098
"GET /reviews/ HTTP/1.1" 200 2502
"GET /store/ HTTP/1.1" 200 6945
"GET /orders/promocodes/ HTTP/1.1" 200 2803
"GET /store/ HTTP/1.1" 200 6945
Watching for file changes with StatReloader
"GET / HTTP/1.1" 200 2048
"GET /orders/dashboard/ HTTP/1.1" 200 75667
Not Found: /orders/dashboard/
Not Found: /orders/dashboard/
Forbidden: /users/clients/
Not Found: /orders/dashboard/
Forbidden: /users/clients/
Not Found: /orders/dashboard/
Forbidden: /users/clients/
Not Found: /orders/dashboard/
Forbidden: /users/clients/
INFO 2026-05-14 11:55:25,888 autoreload Watching for file changes with StatReloader
WARNING 2026-05-14 11:55:39,136 log Not Found: /apple-touch-icon-precomposed.png
WARNING 2026-05-14 11:55:39,139 log Not Found: /favicon.ico
WARNING 2026-05-14 11:55:39,141 log Not Found: /apple-touch-icon.png
INFO 2026-05-17 20:47:50,360 autoreload Watching for file changes with StatReloader
WARNING 2026-05-17 20:51:05,253 log Not Found: /apple-touch-icon-precomposed.png
WARNING 2026-05-17 20:51:05,255 log Not Found: /apple-touch-icon-precomposed.png
WARNING 2026-05-17 20:51:05,258 log Not Found: /favicon.ico
WARNING 2026-05-17 20:51:05,257 log Not Found: /apple-touch-icon.png
WARNING 2026-05-17 20:51:05,304 log Not Found: /apple-touch-icon.png
WARNING 2026-05-17 20:51:05,347 log Not Found: /favicon.ico
INFO 2026-05-17 20:56:25,833 autoreload Watching for file changes with StatReloader
INFO 2026-05-17 20:58:25,628 autoreload Watching for file changes with StatReloader
INFO 2026-05-17 21:08:20,003 autoreload Watching for file changes with StatReloader
INFO 2026-05-17 22:04:18,941 autoreload Watching for file changes with StatReloader
INFO 2026-05-17 22:06:25,579 views Пользователь вышел из системы.
WARNING 2026-05-17 22:06:42,854 views Неудачная попытка входа: buyer0
INFO 2026-05-17 22:06:54,347 views Пользователь buyer0 успешно вошел в систему.
INFO 2026-05-17 22:07:19,492 views Пользователь вышел из системы.
WARNING 2026-05-17 22:07:27,370 views Неудачная попытка входа: buyer2
WARNING 2026-05-17 22:07:36,017 views Неудачная попытка входа: buyer2
WARNING 2026-05-17 22:07:42,320 views Неудачная попытка входа: buyer1
INFO 2026-05-17 22:08:00,387 views Пользователь buyer2 успешно вошел в систему.
WARNING 2026-05-17 22:08:28,911 log Not Found: /apple-touch-icon.png
WARNING 2026-05-17 22:08:28,912 log Not Found: /apple-touch-icon-precomposed.png
WARNING 2026-05-17 22:08:28,914 log Not Found: /favicon.ico
INFO 2026-05-18 00:57:24,180 autoreload /Users/kategorbenko/Sem4/IGI/LR55/info/views.py changed, reloading.
INFO 2026-05-18 00:57:26,193 autoreload Watching for file changes with StatReloader
INFO 2026-05-18 01:21:04,710 autoreload /Users/kategorbenko/Sem4/IGI/LR55/info/views.py changed, reloading.
INFO 2026-05-18 01:21:04,904 autoreload Watching for file changes with StatReloader
INFO 2026-05-18 01:21:05,979 autoreload /Users/kategorbenko/Sem4/IGI/LR55/info/views.py changed, reloading.
INFO 2026-05-18 01:21:06,128 autoreload Watching for file changes with StatReloader
INFO 2026-05-18 12:22:36,331 autoreload Watching for file changes with StatReloader
INFO 2026-05-18 13:40:43,709 autoreload Watching for file changes with StatReloader
INFO 2026-05-18 13:56:53,874 views Пользователь kate успешно вошел в систему.
INFO 2026-05-18 13:56:57,048 views Администратор kate открыл страницу аналитики
INFO 2026-05-18 13:56:57,107 category Using categorical units to plot a list of strings that are all parsable as floats or dates. If these strings should be plotted as numbers, cast to the appropriate data type before plotting.
INFO 2026-05-18 13:56:57,108 category Using categorical units to plot a list of strings that are all parsable as floats or dates. If these strings should be plotted as numbers, cast to the appropriate data type before plotting.
INFO 2026-05-18 13:56:57,109 category Using categorical units to plot a list of strings that are all parsable as floats or dates. If these strings should be plotted as numbers, cast to the appropriate data type before plotting.
INFO 2026-05-18 13:56:57,110 category Using categorical units to plot a list of strings that are all parsable as floats or dates. If these strings should be plotted as numbers, cast to the appropriate data type before plotting.
INFO 2026-05-18 14:00:44,483 autoreload Watching for file changes with StatReloader
INFO 2026-05-18 14:07:13,397 autoreload Watching for file changes with StatReloader
INFO 2026-05-18 14:25:14,143 autoreload Watching for file changes with StatReloader
INFO 2026-05-18 14:25:22,558 views Пользователь kate успешно вошел в систему.
INFO 2026-05-18 14:25:27,152 views Администратор kate открыл страницу аналитики
INFO 2026-05-18 14:25:27,174 category Using categorical units to plot a list of strings that are all parsable as floats or dates. If these strings should be plotted as numbers, cast to the appropriate data type before plotting.
INFO 2026-05-18 14:25:27,176 category Using categorical units to plot a list of strings that are all parsable as floats or dates. If these strings should be plotted as numbers, cast to the appropriate data type before plotting.
INFO 2026-05-18 14:25:27,176 category Using categorical units to plot a list of strings that are all parsable as floats or dates. If these strings should be plotted as numbers, cast to the appropriate data type before plotting.
INFO 2026-05-18 14:25:27,177 category Using categorical units to plot a list of strings that are all parsable as floats or dates. If these strings should be plotted as numbers, cast to the appropriate data type before plotting.
INFO 2026-05-18 14:28:06,763 autoreload Watching for file changes with StatReloader
INFO 2026-05-18 14:33:48,978 autoreload Watching for file changes with StatReloader
INFO 2026-05-18 14:35:08,454 views Администратор kate открыл страницу аналитики
INFO 2026-05-18 14:35:08,484 category Using categorical units to plot a list of strings that are all parsable as floats or dates. If these strings should be plotted as numbers, cast to the appropriate data type before plotting.
INFO 2026-05-18 14:35:08,485 category Using categorical units to plot a list of strings that are all parsable as floats or dates. If these strings should be plotted as numbers, cast to the appropriate data type before plotting.
INFO 2026-05-18 14:35:08,486 category Using categorical units to plot a list of strings that are all parsable as floats or dates. If these strings should be plotted as numbers, cast to the appropriate data type before plotting.
INFO 2026-05-18 14:35:08,486 category Using categorical units to plot a list of strings that are all parsable as floats or dates. If these strings should be plotted as numbers, cast to the appropriate data type before plotting.
INFO 2026-05-18 14:43:16,998 autoreload Watching for file changes with StatReloader
INFO 2026-05-18 14:46:07,625 views Администратор kate открыл страницу аналитики
INFO 2026-05-18 14:46:07,648 category Using categorical units to plot a list of strings that are all parsable as floats or dates. If these strings should be plotted as numbers, cast to the appropriate data type before plotting.
INFO 2026-05-18 14:46:07,649 category Using categorical units to plot a list of strings that are all parsable as floats or dates. If these strings should be plotted as numbers, cast to the appropriate data type before plotting.
INFO 2026-05-18 14:46:07,650 category Using categorical units to plot a list of strings that are all parsable as floats or dates. If these strings should be plotted as numbers, cast to the appropriate data type before plotting.
INFO 2026-05-18 14:46:07,650 category Using categorical units to plot a list of strings that are all parsable as floats or dates. If these strings should be plotted as numbers, cast to the appropriate data type before plotting.
INFO 2026-05-18 14:56:14,785 views Администратор kate открыл страницу аналитики
INFO 2026-05-18 14:56:14,800 category Using categorical units to plot a list of strings that are all parsable as floats or dates. If these strings should be plotted as numbers, cast to the appropriate data type before plotting.
INFO 2026-05-18 14:56:14,800 category Using categorical units to plot a list of strings that are all parsable as floats or dates. If these strings should be plotted as numbers, cast to the appropriate data type before plotting.
INFO 2026-05-18 14:56:14,801 category Using categorical units to plot a list of strings that are all parsable as floats or dates. If these strings should be plotted as numbers, cast to the appropriate data type before plotting.
INFO 2026-05-18 14:56:14,801 category Using categorical units to plot a list of strings that are all parsable as floats or dates. If these strings should be plotted as numbers, cast to the appropriate data type before plotting.
INFO 2026-05-18 16:14:58,934 autoreload Watching for file changes with StatReloader
INFO 2026-05-18 16:15:03,257 autoreload Watching for file changes with StatReloader
WARNING 2026-05-18 16:15:19,023 log Not Found: /favicon.ico
WARNING 2026-05-18 16:15:19,028 log Not Found: /apple-touch-icon.png
WARNING 2026-05-18 16:15:19,031 log Not Found: /apple-touch-icon-precomposed.png
WARNING 2026-05-18 16:15:19,049 log Not Found: /favicon.ico
INFO 2026-05-18 16:15:43,860 views Пользователь kate успешно вошел в систему.
INFO 2026-05-18 18:34:46,962 autoreload /Users/kategorbenko/Sem4/IGI/LR55/info/models.py changed, reloading.
INFO 2026-05-18 18:34:47,243 autoreload Watching for file changes with StatReloader
INFO 2026-05-18 18:37:46,799 autoreload /Users/kategorbenko/Sem4/IGI/LR55/info/models.py changed, reloading.
INFO 2026-05-18 18:37:47,026 autoreload Watching for file changes with StatReloader
INFO 2026-05-18 20:06:25,090 autoreload /Users/kategorbenko/Sem4/IGI/LR55/store/models.py changed, reloading.
INFO 2026-05-18 20:06:25,620 autoreload Watching for file changes with StatReloader
INFO 2026-05-18 20:14:29,135 autoreload /Users/kategorbenko/Sem4/IGI/LR55/info/views.py changed, reloading.
INFO 2026-05-18 20:14:29,426 autoreload Watching for file changes with StatReloader
INFO 2026-05-18 20:14:30,742 autoreload /Users/kategorbenko/Sem4/IGI/LR55/info/views.py changed, reloading.
INFO 2026-05-18 20:14:30,929 autoreload Watching for file changes with StatReloader
INFO 2026-05-18 20:14:34,203 autoreload /Users/kategorbenko/Sem4/IGI/LR55/info/views.py changed, reloading.
INFO 2026-05-18 20:14:34,389 autoreload Watching for file changes with StatReloader
INFO 2026-05-18 20:14:40,692 autoreload /Users/kategorbenko/Sem4/IGI/LR55/info/views.py changed, reloading.
INFO 2026-05-18 20:14:40,910 autoreload Watching for file changes with StatReloader
INFO 2026-05-18 20:16:19,567 autoreload /Users/kategorbenko/Sem4/IGI/LR55/info/views.py changed, reloading.
INFO 2026-05-18 20:16:19,882 autoreload Watching for file changes with StatReloader
INFO 2026-05-18 20:16:22,191 autoreload /Users/kategorbenko/Sem4/IGI/LR55/info/views.py changed, reloading.
INFO 2026-05-18 20:16:22,385 autoreload Watching for file changes with StatReloader
INFO 2026-05-18 20:16:26,506 autoreload /Users/kategorbenko/Sem4/IGI/LR55/info/views.py changed, reloading.
INFO 2026-05-18 20:16:26,670 autoreload Watching for file changes with StatReloader
INFO 2026-05-18 20:16:29,754 autoreload /Users/kategorbenko/Sem4/IGI/LR55/info/views.py changed, reloading.
INFO 2026-05-18 20:16:29,917 autoreload Watching for file changes with StatReloader
INFO 2026-05-18 20:16:32,166 autoreload /Users/kategorbenko/Sem4/IGI/LR55/info/views.py changed, reloading.
INFO 2026-05-18 20:16:32,366 autoreload Watching for file changes with StatReloader
INFO 2026-05-18 20:16:33,600 autoreload /Users/kategorbenko/Sem4/IGI/LR55/info/views.py changed, reloading.
INFO 2026-05-18 20:16:33,791 autoreload Watching for file changes with StatReloader
INFO 2026-05-18 20:16:55,691 views Пользователь вышел из системы.
INFO 2026-05-18 20:17:18,709 views Пользователь kate успешно вошел в систему.
INFO 2026-05-18 20:19:09,519 autoreload /Users/kategorbenko/Sem4/IGI/LR55/info/views.py changed, reloading.
INFO 2026-05-18 20:19:09,826 autoreload Watching for file changes with StatReloader
INFO 2026-05-18 20:19:22,339 autoreload /Users/kategorbenko/Sem4/IGI/LR55/info/views.py changed, reloading.
INFO 2026-05-18 20:19:22,538 autoreload Watching for file changes with StatReloader
INFO 2026-05-18 20:19:29,844 autoreload /Users/kategorbenko/Sem4/IGI/LR55/info/views.py changed, reloading.
INFO 2026-05-18 20:19:30,058 autoreload Watching for file changes with StatReloader
INFO 2026-05-18 20:19:51,620 autoreload /Users/kategorbenko/Sem4/IGI/LR55/services/api_services.py changed, reloading.
INFO 2026-05-18 20:19:51,834 autoreload Watching for file changes with StatReloader
INFO 2026-05-18 20:19:55,134 autoreload /Users/kategorbenko/Sem4/IGI/LR55/services/api_services.py changed, reloading.
INFO 2026-05-18 20:19:55,342 autoreload Watching for file changes with StatReloader
INFO 2026-05-18 20:58:07,902 autoreload /Users/kategorbenko/Sem4/IGI/LR55/info/views.py changed, reloading.
INFO 2026-05-18 20:58:08,218 autoreload Watching for file changes with StatReloader
INFO 2026-05-18 21:02:05,050 autoreload Watching for file changes with StatReloader
INFO 2026-05-18 22:04:19,042 autoreload /Users/kategorbenko/Sem4/IGI/LR55/orders/views.py changed, reloading.
INFO 2026-05-18 22:04:19,360 autoreload Watching for file changes with StatReloader
INFO 2026-05-18 22:04:21,702 autoreload /Users/kategorbenko/Sem4/IGI/LR55/orders/views.py changed, reloading.
INFO 2026-05-18 22:04:21,892 autoreload Watching for file changes with StatReloader
INFO 2026-05-18 22:06:53,516 autoreload /Users/kategorbenko/Sem4/IGI/LR55/orders/views.py changed, reloading.
INFO 2026-05-18 22:06:53,723 autoreload Watching for file changes with StatReloader
INFO 2026-05-18 22:06:56,983 autoreload /Users/kategorbenko/Sem4/IGI/LR55/orders/views.py changed, reloading.
INFO 2026-05-18 22:06:57,178 autoreload Watching for file changes with StatReloader
INFO 2026-05-18 22:07:27,827 autoreload /Users/kategorbenko/Sem4/IGI/LR55/orders/urls.py changed, reloading.
INFO 2026-05-18 22:07:28,032 autoreload Watching for file changes with StatReloader
INFO 2026-05-18 22:08:37,325 autoreload /Users/kategorbenko/Sem4/IGI/LR55/info/models.py changed, reloading.
INFO 2026-05-18 22:08:37,513 autoreload Watching for file changes with StatReloader
INFO 2026-05-18 22:08:38,749 autoreload /Users/kategorbenko/Sem4/IGI/LR55/info/models.py changed, reloading.
INFO 2026-05-18 22:08:38,927 autoreload Watching for file changes with StatReloader
INFO 2026-05-18 22:08:42,192 autoreload /Users/kategorbenko/Sem4/IGI/LR55/info/models.py changed, reloading.
INFO 2026-05-18 22:08:42,377 autoreload Watching for file changes with StatReloader
INFO 2026-05-18 22:08:43,603 autoreload /Users/kategorbenko/Sem4/IGI/LR55/info/models.py changed, reloading.
INFO 2026-05-18 22:08:43,775 autoreload Watching for file changes with StatReloader
INFO 2026-05-18 22:08:45,014 autoreload /Users/kategorbenko/Sem4/IGI/LR55/info/models.py changed, reloading.
INFO 2026-05-18 22:08:45,199 autoreload Watching for file changes with StatReloader
INFO 2026-05-18 22:08:46,452 autoreload /Users/kategorbenko/Sem4/IGI/LR55/info/models.py changed, reloading.
INFO 2026-05-18 22:08:46,626 autoreload Watching for file changes with StatReloader
INFO 2026-05-18 22:09:19,381 autoreload /Users/kategorbenko/Sem4/IGI/LR55/info/models.py changed, reloading.
INFO 2026-05-18 22:09:19,601 autoreload Watching for file changes with StatReloader
INFO 2026-05-18 22:09:21,864 autoreload /Users/kategorbenko/Sem4/IGI/LR55/info/models.py changed, reloading.
INFO 2026-05-18 22:09:22,064 autoreload Watching for file changes with StatReloader
INFO 2026-05-18 22:19:31,613 autoreload /Users/kategorbenko/Sem4/IGI/LR55/info/views.py changed, reloading.
INFO 2026-05-18 22:19:31,927 autoreload Watching for file changes with StatReloader
INFO 2026-05-18 22:23:33,129 autoreload /Users/kategorbenko/Sem4/IGI/LR55/info/models.py changed, reloading.
INFO 2026-05-18 22:23:33,406 autoreload Watching for file changes with StatReloader
INFO 2026-05-18 22:23:34,706 autoreload /Users/kategorbenko/Sem4/IGI/LR55/info/models.py changed, reloading.
INFO 2026-05-18 22:23:34,918 autoreload Watching for file changes with StatReloader
INFO 2026-05-18 22:23:56,449 autoreload /Users/kategorbenko/Sem4/IGI/LR55/orders/models.py changed, reloading.
INFO 2026-05-18 22:23:56,646 autoreload Watching for file changes with StatReloader
INFO 2026-05-18 22:23:59,898 autoreload /Users/kategorbenko/Sem4/IGI/LR55/orders/models.py changed, reloading.
INFO 2026-05-18 22:24:00,111 autoreload Watching for file changes with StatReloader
INFO 2026-05-18 22:24:02,367 autoreload /Users/kategorbenko/Sem4/IGI/LR55/orders/models.py changed, reloading.
INFO 2026-05-18 22:24:02,575 autoreload Watching for file changes with StatReloader
INFO 2026-05-18 22:24:12,948 autoreload /Users/kategorbenko/Sem4/IGI/LR55/orders/models.py changed, reloading.
INFO 2026-05-18 22:24:13,162 autoreload Watching for file changes with StatReloader
INFO 2026-05-18 22:27:38,683 autoreload /Users/kategorbenko/Sem4/IGI/LR55/orders/views.py changed, reloading.
INFO 2026-05-18 22:27:38,967 autoreload Watching for file changes with StatReloader
INFO 2026-05-18 22:27:42,282 autoreload /Users/kategorbenko/Sem4/IGI/LR55/orders/views.py changed, reloading.
INFO 2026-05-18 22:27:42,476 autoreload Watching for file changes with StatReloader
INFO 2026-05-18 23:15:54,119 autoreload /Users/kategorbenko/Sem4/IGI/LR55/store/views.py changed, reloading.
INFO 2026-05-18 23:15:54,445 autoreload Watching for file changes with StatReloader
INFO 2026-05-18 23:15:56,767 autoreload /Users/kategorbenko/Sem4/IGI/LR55/store/views.py changed, reloading.
INFO 2026-05-18 23:15:56,957 autoreload Watching for file changes with StatReloader
INFO 2026-05-18 23:15:58,038 autoreload /Users/kategorbenko/Sem4/IGI/LR55/store/views.py changed, reloading.
INFO 2026-05-18 23:15:58,180 autoreload Watching for file changes with StatReloader
INFO 2026-05-18 23:16:10,543 autoreload /Users/kategorbenko/Sem4/IGI/LR55/store/views.py changed, reloading.
INFO 2026-05-18 23:16:10,736 autoreload Watching for file changes with StatReloader
INFO 2026-05-18 23:26:53,322 views Администратор kate открыл страницу аналитики
INFO 2026-05-18 23:26:53,350 category Using categorical units to plot a list of strings that are all parsable as floats or dates. If these strings should be plotted as numbers, cast to the appropriate data type before plotting.
INFO 2026-05-18 23:26:53,351 category Using categorical units to plot a list of strings that are all parsable as floats or dates. If these strings should be plotted as numbers, cast to the appropriate data type before plotting.
INFO 2026-05-18 23:26:53,352 category Using categorical units to plot a list of strings that are all parsable as floats or dates. If these strings should be plotted as numbers, cast to the appropriate data type before plotting.
INFO 2026-05-18 23:26:53,353 category Using categorical units to plot a list of strings that are all parsable as floats or dates. If these strings should be plotted as numbers, cast to the appropriate data type before plotting.
INFO 2026-05-18 23:31:22,912 autoreload Watching for file changes with StatReloader
INFO 2026-05-18 23:31:25,437 views Администратор kate открыл страницу аналитики
INFO 2026-05-18 23:31:25,454 category Using categorical units to plot a list of strings that are all parsable as floats or dates. If these strings should be plotted as numbers, cast to the appropriate data type before plotting.
INFO 2026-05-18 23:31:25,454 category Using categorical units to plot a list of strings that are all parsable as floats or dates. If these strings should be plotted as numbers, cast to the appropriate data type before plotting.
INFO 2026-05-18 23:31:25,455 category Using categorical units to plot a list of strings that are all parsable as floats or dates. If these strings should be plotted as numbers, cast to the appropriate data type before plotting.
INFO 2026-05-18 23:31:25,455 category Using categorical units to plot a list of strings that are all parsable as floats or dates. If these strings should be plotted as numbers, cast to the appropriate data type before plotting.
INFO 2026-05-18 23:32:20,918 autoreload Watching for file changes with StatReloader
INFO 2026-05-18 23:32:33,444 views Пользователь kate успешно вошел в систему.
INFO 2026-05-18 23:32:37,025 views Администратор kate открыл страницу аналитики
INFO 2026-05-18 23:32:37,043 category Using categorical units to plot a list of strings that are all parsable as floats or dates. If these strings should be plotted as numbers, cast to the appropriate data type before plotting.
INFO 2026-05-18 23:32:37,044 category Using categorical units to plot a list of strings that are all parsable as floats or dates. If these strings should be plotted as numbers, cast to the appropriate data type before plotting.
INFO 2026-05-18 23:32:37,044 category Using categorical units to plot a list of strings that are all parsable as floats or dates. If these strings should be plotted as numbers, cast to the appropriate data type before plotting.
INFO 2026-05-18 23:32:37,044 category Using categorical units to plot a list of strings that are all parsable as floats or dates. If these strings should be plotted as numbers, cast to the appropriate data type before plotting.
INFO 2026-05-18 23:34:12,479 autoreload Watching for file changes with StatReloader
INFO 2026-05-18 23:34:23,090 views Пользователь kate успешно вошел в систему.
INFO 2026-05-18 23:34:26,045 views Администратор kate открыл страницу аналитики
INFO 2026-05-18 23:34:26,065 category Using categorical units to plot a list of strings that are all parsable as floats or dates. If these strings should be plotted as numbers, cast to the appropriate data type before plotting.
INFO 2026-05-18 23:34:26,066 category Using categorical units to plot a list of strings that are all parsable as floats or dates. If these strings should be plotted as numbers, cast to the appropriate data type before plotting.
INFO 2026-05-18 23:34:26,066 category Using categorical units to plot a list of strings that are all parsable as floats or dates. If these strings should be plotted as numbers, cast to the appropriate data type before plotting.
INFO 2026-05-18 23:34:26,066 category Using categorical units to plot a list of strings that are all parsable as floats or dates. If these strings should be plotted as numbers, cast to the appropriate data type before plotting.
INFO 2026-05-18 23:35:34,263 autoreload Watching for file changes with StatReloader
INFO 2026-05-18 23:56:06,872 autoreload Watching for file changes with StatReloader
WARNING 2026-05-19 01:53:21,287 log Not Found: /favicon.ico
WARNING 2026-05-19 01:53:21,287 log Not Found: /apple-touch-icon-precomposed.png
WARNING 2026-05-19 01:53:21,287 log Not Found: /apple-touch-icon.png
INFO 2026-05-19 10:44:26,996 autoreload Watching for file changes with StatReloader
INFO 2026-05-19 10:44:30,192 views Администратор kate открыл страницу аналитики
INFO 2026-05-19 10:44:30,221 category Using categorical units to plot a list of strings that are all parsable as floats or dates. If these strings should be plotted as numbers, cast to the appropriate data type before plotting.
INFO 2026-05-19 10:44:30,222 category Using categorical units to plot a list of strings that are all parsable as floats or dates. If these strings should be plotted as numbers, cast to the appropriate data type before plotting.
INFO 2026-05-19 10:44:30,223 category Using categorical units to plot a list of strings that are all parsable as floats or dates. If these strings should be plotted as numbers, cast to the appropriate data type before plotting.
INFO 2026-05-19 10:44:30,223 category Using categorical units to plot a list of strings that are all parsable as floats or dates. If these strings should be plotted as numbers, cast to the appropriate data type before plotting.
INFO 2026-05-19 10:44:30,831 views Администратор kate открыл страницу аналитики
INFO 2026-05-19 10:44:30,841 category Using categorical units to plot a list of strings that are all parsable as floats or dates. If these strings should be plotted as numbers, cast to the appropriate data type before plotting.
INFO 2026-05-19 10:44:30,842 category Using categorical units to plot a list of strings that are all parsable as floats or dates. If these strings should be plotted as numbers, cast to the appropriate data type before plotting.
INFO 2026-05-19 10:44:30,842 category Using categorical units to plot a list of strings that are all parsable as floats or dates. If these strings should be plotted as numbers, cast to the appropriate data type before plotting.
INFO 2026-05-19 10:44:30,842 category Using categorical units to plot a list of strings that are all parsable as floats or dates. If these strings should be plotted as numbers, cast to the appropriate data type before plotting.
INFO 2026-05-19 12:02:48,869 autoreload /Users/kategorbenko/Sem4/IGI/LR55/info/views.py changed, reloading.
INFO 2026-05-19 12:02:49,191 autoreload Watching for file changes with StatReloader
INFO 2026-05-20 22:52:15,810 autoreload Watching for file changes with StatReloader
WARNING 2026-05-20 22:52:25,415 log Not Found: /favicon.ico
WARNING 2026-05-20 22:52:25,417 log Not Found: /apple-touch-icon-precomposed.png
WARNING 2026-05-20 22:52:25,419 log Not Found: /apple-touch-icon.png
WARNING 2026-05-20 22:52:25,420 log Not Found: /favicon.ico
INFO 2026-05-20 22:53:28,936 views Пользователь kate успешно вошел в систему.
INFO 2026-05-20 22:56:20,034 views Администратор kate открыл страницу аналитики
INFO 2026-05-20 22:56:20,086 category Using categorical units to plot a list of strings that are all parsable as floats or dates. If these strings should be plotted as numbers, cast to the appropriate data type before plotting.
INFO 2026-05-20 22:56:20,087 category Using categorical units to plot a list of strings that are all parsable as floats or dates. If these strings should be plotted as numbers, cast to the appropriate data type before plotting.
INFO 2026-05-20 22:56:20,087 category Using categorical units to plot a list of strings that are all parsable as floats or dates. If these strings should be plotted as numbers, cast to the appropriate data type before plotting.
INFO 2026-05-20 22:56:20,088 category Using categorical units to plot a list of strings that are all parsable as floats or dates. If these strings should be plotted as numbers, cast to the appropriate data type before plotting.
WARNING 2026-05-21 04:36:49,327 log Not Found: /apple-touch-icon-precomposed.png
WARNING 2026-05-21 04:36:49,331 log Not Found: /favicon.ico
WARNING 2026-05-21 04:36:49,329 log Not Found: /apple-touch-icon.png
WARNING 2026-05-21 04:36:49,367 log Not Found: /favicon.ico
INFO 2026-05-21 20:25:40,865 autoreload Watching for file changes with StatReloader
WARNING 2026-05-21 20:25:47,082 log Not Found: /apple-touch-icon-precomposed.png
WARNING 2026-05-21 20:25:47,085 log Not Found: /apple-touch-icon.png
WARNING 2026-05-21 20:25:47,083 log Not Found: /favicon.ico
INFO 2026-05-21 20:28:04,815 views Администратор kate открыл страницу аналитики
INFO 2026-05-21 20:28:04,841 category Using categorical units to plot a list of strings that are all parsable as floats or dates. If these strings should be plotted as numbers, cast to the appropriate data type before plotting.
INFO 2026-05-21 20:28:04,842 category Using categorical units to plot a list of strings that are all parsable as floats or dates. If these strings should be plotted as numbers, cast to the appropriate data type before plotting.
INFO 2026-05-21 20:28:04,843 category Using categorical units to plot a list of strings that are all parsable as floats or dates. If these strings should be plotted as numbers, cast to the appropriate data type before plotting.
INFO 2026-05-21 20:28:04,843 category Using categorical units to plot a list of strings that are all parsable as floats or dates. If these strings should be plotted as numbers, cast to the appropriate data type before plotting.
INFO 2026-05-22 01:15:47,555 autoreload Watching for file changes with StatReloader
INFO 2026-05-22 01:27:44,187 autoreload /Users/kategorbenko/Sem4/IGI/LR55/info/views.py changed, reloading.
INFO 2026-05-22 01:27:44,532 autoreload Watching for file changes with StatReloader
INFO 2026-05-22 01:27:47,632 autoreload /Users/kategorbenko/Sem4/IGI/LR55/info/views.py changed, reloading.
INFO 2026-05-22 01:27:47,804 autoreload Watching for file changes with StatReloader
INFO 2026-05-22 01:27:49,882 autoreload /Users/kategorbenko/Sem4/IGI/LR55/info/views.py changed, reloading.
INFO 2026-05-22 01:27:50,066 autoreload Watching for file changes with StatReloader
INFO 2026-05-22 01:29:12,066 autoreload /Users/kategorbenko/Sem4/IGI/LR55/info/views.py changed, reloading.
INFO 2026-05-22 01:29:12,267 autoreload Watching for file changes with StatReloader
INFO 2026-05-22 01:29:26,466 autoreload /Users/kategorbenko/Sem4/IGI/LR55/info/views.py changed, reloading.
INFO 2026-05-22 01:29:26,662 autoreload Watching for file changes with StatReloader
INFO 2026-05-22 01:29:42,788 views Пользователь вышел из системы.
INFO 2026-05-22 11:42:10,862 autoreload Watching for file changes with StatReloader
WARNING 2026-05-22 11:42:29,598 log Not Found: /media/news/4.jpg
WARNING 2026-05-22 11:42:29,601 log Not Found: /media/news/6.jpg
WARNING 2026-05-22 11:42:29,602 log Not Found: /media/news/5.jpg
WARNING 2026-05-22 11:42:29,605 log Not Found: /media/news/7.jpg
WARNING 2026-05-22 11:42:29,607 log Not Found: /media/news/9.jpg
WARNING 2026-05-22 11:42:29,608 log Not Found: /media/news/10.jpg
WARNING 2026-05-22 11:42:29,610 log Not Found: /media/news/8.jpg
WARNING 2026-05-22 11:42:49,056 log Not Found: /media/news/6.jpg
WARNING 2026-05-22 11:42:49,058 log Not Found: /media/news/5.jpg
WARNING 2026-05-22 11:42:49,060 log Not Found: /media/news/8.jpg
WARNING 2026-05-22 11:42:49,062 log Not Found: /media/news/7.jpg
WARNING 2026-05-22 11:42:49,064 log Not Found: /media/news/4.jpg
WARNING 2026-05-22 11:42:49,065 log Not Found: /media/news/9.jpg
WARNING 2026-05-22 11:42:49,069 log Not Found: /media/news/10.jpg
WARNING 2026-05-22 11:42:56,191 log Not Found: /media/news/5.jpg
WARNING 2026-05-22 11:42:56,195 log Not Found: /media/news/4.jpg
WARNING 2026-05-22 11:42:56,197 log Not Found: /media/news/7.jpg
WARNING 2026-05-22 11:42:56,201 log Not Found: /media/news/9.jpg
WARNING 2026-05-22 11:42:56,199 log Not Found: /media/news/8.jpg
WARNING 2026-05-22 11:42:56,203 log Not Found: /media/news/6.jpg
WARNING 2026-05-22 11:42:56,207 log Not Found: /media/news/10.jpg
WARNING 2026-05-22 11:44:05,252 log Not Found: /media/news/4.jpg
WARNING 2026-05-22 11:44:05,254 log Not Found: /media/news/5.jpg
WARNING 2026-05-22 11:44:05,257 log Not Found: /media/news/10.jpg
WARNING 2026-05-22 11:44:05,258 log Not Found: /media/news/6.jpg
WARNING 2026-05-22 11:44:05,259 log Not Found: /media/news/7.jpg
WARNING 2026-05-22 11:44:05,261 log Not Found: /media/news/8.jpg
WARNING 2026-05-22 11:44:05,262 log Not Found: /media/news/9.jpg
WARNING 2026-05-22 11:47:49,258 log Not Found: /media/news/4.jpg
WARNING 2026-05-22 11:47:49,261 log Not Found: /media/news/5.jpg
WARNING 2026-05-22 11:47:49,265 log Not Found: /media/news/6.jpg
WARNING 2026-05-22 11:47:49,268 log Not Found: /media/news/7.jpg
WARNING 2026-05-22 11:47:49,272 log Not Found: /media/news/8.jpg
WARNING 2026-05-22 11:47:49,273 log Not Found: /media/news/9.jpg
WARNING 2026-05-22 11:47:49,275 log Not Found: /media/news/10.jpg
WARNING 2026-05-22 11:48:01,525 log Not Found: /media/contacts/default.jpg
WARNING 2026-05-22 11:48:10,723 log Not Found: /media/news/4.jpg
WARNING 2026-05-22 11:48:10,725 log Not Found: /media/news/5.jpg
WARNING 2026-05-22 11:48:10,731 log Not Found: /media/news/7.jpg
WARNING 2026-05-22 11:48:10,733 log Not Found: /media/news/6.jpg
WARNING 2026-05-22 11:48:10,736 log Not Found: /media/news/8.jpg
WARNING 2026-05-22 11:48:10,739 log Not Found: /media/news/9.jpg
WARNING 2026-05-22 11:48:10,741 log Not Found: /media/news/10.jpg
INFO 2026-05-25 01:58:22,564 autoreload Watching for file changes with StatReloader
INFO 2026-05-25 02:06:00,281 autoreload Watching for file changes with StatReloader
INFO 2026-09-04 11:36:07,049 autoreload Watching for file changes with StatReloader
INFO 2026-09-06 19:41:17,108 autoreload Watching for file changes with StatReloader
INFO 2026-09-06 22:52:46,430 autoreload Watching for file changes with StatReloader
INFO 2026-09-06 22:53:51,164 autoreload Watching for file changes with StatReloader
INFO 2026-09-06 22:54:01,749 views Пользователь kate успешно вошел в систему.
INFO 2026-09-06 23:17:46,733 autoreload Watching for file changes with StatReloader
INFO 2026-09-08 10:31:49,092 autoreload Watching for file changes with StatReloader
INFO 2026-09-08 10:32:37,397 autoreload Watching for file changes with StatReloader
ERROR 2026-09-08 10:32:50,501 log Internal Server Error: /about/
Traceback (most recent call last):
  File "/Library/Frameworks/Python.framework/Versions/3.14/lib/python3.14/site-packages/django/template/base.py", line 577, in parse
    compile_func = self.tags[command]
                   ~~~~~~~~~^^^^^^^^^
KeyError: 'static'

During handling of the above exception, another exception occurred:

Traceback (most recent call last):
  File "/Library/Frameworks/Python.framework/Versions/3.14/lib/python3.14/site-packages/django/core/handlers/exception.py", line 55, in inner
    response = get_response(request)
  File "/Library/Frameworks/Python.framework/Versions/3.14/lib/python3.14/site-packages/django/core/handlers/base.py", line 198, in _get_response
    response = wrapped_callback(request, *callback_args, **callback_kwargs)
  File "/Users/kategorbenko/СТЗweb-пр/LR55/info/views.py", line 62, in about_view
    return render(request, 'info/about.html', {'company': company})
  File "/Library/Frameworks/Python.framework/Versions/3.14/lib/python3.14/site-packages/django/shortcuts.py", line 25, in render
    content = loader.render_to_string(template_name, context, request, using=using)
  File "/Library/Frameworks/Python.framework/Versions/3.14/lib/python3.14/site-packages/django/template/loader.py", line 61, in render_to_string
    template = get_template(template_name, using=using)
  File "/Library/Frameworks/Python.framework/Versions/3.14/lib/python3.14/site-packages/django/template/loader.py", line 15, in get_template
    return engine.get_template(template_name)
           ~~~~~~~~~~~~~~~~~~~^^^^^^^^^^^^^^^
  File "/Library/Frameworks/Python.framework/Versions/3.14/lib/python3.14/site-packages/django/template/backends/django.py", line 79, in get_template
    return Template(self.engine.get_template(template_name), self)
                    ~~~~~~~~~~~~~~~~~~~~~~~~^^^^^^^^^^^^^^^
  File "/Library/Frameworks/Python.framework/Versions/3.14/lib/python3.14/site-packages/django/template/engine.py", line 186, in get_template
    template, origin = self.find_template(template_name)
                       ~~~~~~~~~~~~~~~~~~^^^^^^^^^^^^^^^
  File "/Library/Frameworks/Python.framework/Versions/3.14/lib/python3.14/site-packages/django/template/engine.py", line 159, in find_template
    template = loader.get_template(name, skip=skip)
  File "/Library/Frameworks/Python.framework/Versions/3.14/lib/python3.14/site-packages/django/template/loaders/cached.py", line 57, in get_template
    template = super().get_template(template_name, skip)
  File "/Library/Frameworks/Python.framework/Versions/3.14/lib/python3.14/site-packages/django/template/loaders/base.py", line 28, in get_template
    return Template(
        contents,
    ...<2 lines>...
        self.engine,
    )
  File "/Library/Frameworks/Python.framework/Versions/3.14/lib/python3.14/site-packages/django/template/base.py", line 157, in __init__
    self.nodelist = self.compile_nodelist()
                    ~~~~~~~~~~~~~~~~~~~~~^^
  File "/Library/Frameworks/Python.framework/Versions/3.14/lib/python3.14/site-packages/django/template/base.py", line 199, in compile_nodelist
    nodelist = parser.parse()
  File "/Library/Frameworks/Python.framework/Versions/3.14/lib/python3.14/site-packages/django/template/base.py", line 585, in parse
    raise self.error(token, e)
  File "/Library/Frameworks/Python.framework/Versions/3.14/lib/python3.14/site-packages/django/template/base.py", line 583, in parse
    compiled_result = compile_func(self, token)
  File "/Library/Frameworks/Python.framework/Versions/3.14/lib/python3.14/site-packages/django/template/loader_tags.py", line 307, in do_extends
    nodelist = parser.parse()
  File "/Library/Frameworks/Python.framework/Versions/3.14/lib/python3.14/site-packages/django/template/base.py", line 585, in parse
    raise self.error(token, e)
  File "/Library/Frameworks/Python.framework/Versions/3.14/lib/python3.14/site-packages/django/template/base.py", line 583, in parse
    compiled_result = compile_func(self, token)
  File "/Library/Frameworks/Python.framework/Versions/3.14/lib/python3.14/site-packages/django/template/loader_tags.py", line 235, in do_block
    nodelist = parser.parse(("endblock",))
  File "/Library/Frameworks/Python.framework/Versions/3.14/lib/python3.14/site-packages/django/template/base.py", line 585, in parse
    raise self.error(token, e)
  File "/Library/Frameworks/Python.framework/Versions/3.14/lib/python3.14/site-packages/django/template/base.py", line 583, in parse
    compiled_result = compile_func(self, token)
  File "/Library/Frameworks/Python.framework/Versions/3.14/lib/python3.14/site-packages/django/template/defaulttags.py", line 994, in do_if
    nodelist = parser.parse(("elif", "else", "endif"))
  File "/Library/Frameworks/Python.framework/Versions/3.14/lib/python3.14/site-packages/django/template/base.py", line 585, in parse
    raise self.error(token, e)
  File "/Library/Frameworks/Python.framework/Versions/3.14/lib/python3.14/site-packages/django/template/base.py", line 583, in parse
    compiled_result = compile_func(self, token)
  File "/Library/Frameworks/Python.framework/Versions/3.14/lib/python3.14/site-packages/django/template/defaulttags.py", line 1008, in do_if
    nodelist = parser.parse(("endif",))
  File "/Library/Frameworks/Python.framework/Versions/3.14/lib/python3.14/site-packages/django/template/base.py", line 579, in parse
    self.invalid_block_tag(token, command, parse_until)
    ~~~~~~~~~~~~~~~~~~~~~~^^^^^^^^^^^^^^^^^^^^^^^^^^^^^
  File "/Library/Frameworks/Python.framework/Versions/3.14/lib/python3.14/site-packages/django/template/base.py", line 634, in invalid_block_tag
    raise self.error(
    ...<8 lines>...
    )
django.template.exceptions.TemplateSyntaxError: Template: /Users/kategorbenko/СТЗweb-пр/LR55/templates/info/about.html, Invalid block tag on line 17: 'static', expected 'endif'. Did you forget to register or load this tag?
INFO 2026-09-08 10:33:53,860 autoreload /Users/kategorbenko/СТЗweb-пр/LR55/config/settings.py changed, reloading.
INFO 2026-09-08 10:33:54,144 autoreload Watching for file changes with StatReloader
INFO 2026-09-08 10:39:46,798 autoreload Watching for file changes with StatReloader
ERROR 2026-09-08 10:39:50,898 log Internal Server Error: /about/
Traceback (most recent call last):
  File "/Library/Frameworks/Python.framework/Versions/3.14/lib/python3.14/site-packages/django/template/base.py", line 577, in parse
    compile_func = self.tags[command]
                   ~~~~~~~~~^^^^^^^^^
KeyError: 'static'

During handling of the above exception, another exception occurred:

Traceback (most recent call last):
  File "/Library/Frameworks/Python.framework/Versions/3.14/lib/python3.14/site-packages/django/core/handlers/exception.py", line 55, in inner
    response = get_response(request)
  File "/Library/Frameworks/Python.framework/Versions/3.14/lib/python3.14/site-packages/django/core/handlers/base.py", line 198, in _get_response
    response = wrapped_callback(request, *callback_args, **callback_kwargs)
  File "/Users/kategorbenko/СТЗweb-пр/LR55/info/views.py", line 62, in about_view
    return render(request, 'info/about.html', {'company': company})
  File "/Library/Frameworks/Python.framework/Versions/3.14/lib/python3.14/site-packages/django/shortcuts.py", line 25, in render
    content = loader.render_to_string(template_name, context, request, using=using)
  File "/Library/Frameworks/Python.framework/Versions/3.14/lib/python3.14/site-packages/django/template/loader.py", line 61, in render_to_string
    template = get_template(template_name, using=using)
  File "/Library/Frameworks/Python.framework/Versions/3.14/lib/python3.14/site-packages/django/template/loader.py", line 15, in get_template
    return engine.get_template(template_name)
           ~~~~~~~~~~~~~~~~~~~^^^^^^^^^^^^^^^
  File "/Library/Frameworks/Python.framework/Versions/3.14/lib/python3.14/site-packages/django/template/backends/django.py", line 79, in get_template
    return Template(self.engine.get_template(template_name), self)
                    ~~~~~~~~~~~~~~~~~~~~~~~~^^^^^^^^^^^^^^^
  File "/Library/Frameworks/Python.framework/Versions/3.14/lib/python3.14/site-packages/django/template/engine.py", line 186, in get_template
    template, origin = self.find_template(template_name)
                       ~~~~~~~~~~~~~~~~~~^^^^^^^^^^^^^^^
  File "/Library/Frameworks/Python.framework/Versions/3.14/lib/python3.14/site-packages/django/template/engine.py", line 159, in find_template
    template = loader.get_template(name, skip=skip)
  File "/Library/Frameworks/Python.framework/Versions/3.14/lib/python3.14/site-packages/django/template/loaders/cached.py", line 57, in get_template
    template = super().get_template(template_name, skip)
  File "/Library/Frameworks/Python.framework/Versions/3.14/lib/python3.14/site-packages/django/template/loaders/base.py", line 28, in get_template
    return Template(
        contents,
    ...<2 lines>...
        self.engine,
    )
  File "/Library/Frameworks/Python.framework/Versions/3.14/lib/python3.14/site-packages/django/template/base.py", line 157, in __init__
    self.nodelist = self.compile_nodelist()
                    ~~~~~~~~~~~~~~~~~~~~~^^
  File "/Library/Frameworks/Python.framework/Versions/3.14/lib/python3.14/site-packages/django/template/base.py", line 199, in compile_nodelist
    nodelist = parser.parse()
  File "/Library/Frameworks/Python.framework/Versions/3.14/lib/python3.14/site-packages/django/template/base.py", line 585, in parse
    raise self.error(token, e)
  File "/Library/Frameworks/Python.framework/Versions/3.14/lib/python3.14/site-packages/django/template/base.py", line 583, in parse
    compiled_result = compile_func(self, token)
  File "/Library/Frameworks/Python.framework/Versions/3.14/lib/python3.14/site-packages/django/template/loader_tags.py", line 307, in do_extends
    nodelist = parser.parse()
  File "/Library/Frameworks/Python.framework/Versions/3.14/lib/python3.14/site-packages/django/template/base.py", line 585, in parse
    raise self.error(token, e)
  File "/Library/Frameworks/Python.framework/Versions/3.14/lib/python3.14/site-packages/django/template/base.py", line 583, in parse
    compiled_result = compile_func(self, token)
  File "/Library/Frameworks/Python.framework/Versions/3.14/lib/python3.14/site-packages/django/template/loader_tags.py", line 235, in do_block
    nodelist = parser.parse(("endblock",))
  File "/Library/Frameworks/Python.framework/Versions/3.14/lib/python3.14/site-packages/django/template/base.py", line 585, in parse
    raise self.error(token, e)
  File "/Library/Frameworks/Python.framework/Versions/3.14/lib/python3.14/site-packages/django/template/base.py", line 583, in parse
    compiled_result = compile_func(self, token)
  File "/Library/Frameworks/Python.framework/Versions/3.14/lib/python3.14/site-packages/django/template/defaulttags.py", line 994, in do_if
    nodelist = parser.parse(("elif", "else", "endif"))
  File "/Library/Frameworks/Python.framework/Versions/3.14/lib/python3.14/site-packages/django/template/base.py", line 585, in parse
    raise self.error(token, e)
  File "/Library/Frameworks/Python.framework/Versions/3.14/lib/python3.14/site-packages/django/template/base.py", line 583, in parse
    compiled_result = compile_func(self, token)
  File "/Library/Frameworks/Python.framework/Versions/3.14/lib/python3.14/site-packages/django/template/defaulttags.py", line 1008, in do_if
    nodelist = parser.parse(("endif",))
  File "/Library/Frameworks/Python.framework/Versions/3.14/lib/python3.14/site-packages/django/template/base.py", line 579, in parse
    self.invalid_block_tag(token, command, parse_until)
    ~~~~~~~~~~~~~~~~~~~~~~^^^^^^^^^^^^^^^^^^^^^^^^^^^^^
  File "/Library/Frameworks/Python.framework/Versions/3.14/lib/python3.14/site-packages/django/template/base.py", line 634, in invalid_block_tag
    raise self.error(
    ...<8 lines>...
    )
django.template.exceptions.TemplateSyntaxError: Template: /Users/kategorbenko/СТЗweb-пр/LR55/templates/info/about.html, Invalid block tag on line 17: 'static', expected 'endif'. Did you forget to register or load this tag?
INFO 2026-09-08 10:40:51,257 autoreload Watching for file changes with StatReloader
ERROR 2026-09-08 10:40:54,095 log Internal Server Error: /about/
Traceback (most recent call last):
  File "/Library/Frameworks/Python.framework/Versions/3.14/lib/python3.14/site-packages/django/template/base.py", line 577, in parse
    compile_func = self.tags[command]
                   ~~~~~~~~~^^^^^^^^^
KeyError: 'endblock'

During handling of the above exception, another exception occurred:

Traceback (most recent call last):
  File "/Library/Frameworks/Python.framework/Versions/3.14/lib/python3.14/site-packages/django/core/handlers/exception.py", line 55, in inner
    response = get_response(request)
  File "/Library/Frameworks/Python.framework/Versions/3.14/lib/python3.14/site-packages/django/core/handlers/base.py", line 198, in _get_response
    response = wrapped_callback(request, *callback_args, **callback_kwargs)
  File "/Users/kategorbenko/СТЗweb-пр/LR55/info/views.py", line 62, in about_view
    return render(request, 'info/about.html', {'company': company})
  File "/Library/Frameworks/Python.framework/Versions/3.14/lib/python3.14/site-packages/django/shortcuts.py", line 25, in render
    content = loader.render_to_string(template_name, context, request, using=using)
  File "/Library/Frameworks/Python.framework/Versions/3.14/lib/python3.14/site-packages/django/template/loader.py", line 61, in render_to_string
    template = get_template(template_name, using=using)
  File "/Library/Frameworks/Python.framework/Versions/3.14/lib/python3.14/site-packages/django/template/loader.py", line 15, in get_template
    return engine.get_template(template_name)
           ~~~~~~~~~~~~~~~~~~~^^^^^^^^^^^^^^^
  File "/Library/Frameworks/Python.framework/Versions/3.14/lib/python3.14/site-packages/django/template/backends/django.py", line 79, in get_template
    return Template(self.engine.get_template(template_name), self)
                    ~~~~~~~~~~~~~~~~~~~~~~~~^^^^^^^^^^^^^^^
  File "/Library/Frameworks/Python.framework/Versions/3.14/lib/python3.14/site-packages/django/template/engine.py", line 186, in get_template
    template, origin = self.find_template(template_name)
                       ~~~~~~~~~~~~~~~~~~^^^^^^^^^^^^^^^
  File "/Library/Frameworks/Python.framework/Versions/3.14/lib/python3.14/site-packages/django/template/engine.py", line 159, in find_template
    template = loader.get_template(name, skip=skip)
  File "/Library/Frameworks/Python.framework/Versions/3.14/lib/python3.14/site-packages/django/template/loaders/cached.py", line 57, in get_template
    template = super().get_template(template_name, skip)
  File "/Library/Frameworks/Python.framework/Versions/3.14/lib/python3.14/site-packages/django/template/loaders/base.py", line 28, in get_template
    return Template(
        contents,
    ...<2 lines>...
        self.engine,
    )
  File "/Library/Frameworks/Python.framework/Versions/3.14/lib/python3.14/site-packages/django/template/base.py", line 157, in __init__
    self.nodelist = self.compile_nodelist()
                    ~~~~~~~~~~~~~~~~~~~~~^^
  File "/Library/Frameworks/Python.framework/Versions/3.14/lib/python3.14/site-packages/django/template/base.py", line 199, in compile_nodelist
    nodelist = parser.parse()
  File "/Library/Frameworks/Python.framework/Versions/3.14/lib/python3.14/site-packages/django/template/base.py", line 585, in parse
    raise self.error(token, e)
  File "/Library/Frameworks/Python.framework/Versions/3.14/lib/python3.14/site-packages/django/template/base.py", line 583, in parse
    compiled_result = compile_func(self, token)
  File "/Library/Frameworks/Python.framework/Versions/3.14/lib/python3.14/site-packages/django/template/loader_tags.py", line 307, in do_extends
    nodelist = parser.parse()
  File "/Library/Frameworks/Python.framework/Versions/3.14/lib/python3.14/site-packages/django/template/base.py", line 585, in parse
    raise self.error(token, e)
  File "/Library/Frameworks/Python.framework/Versions/3.14/lib/python3.14/site-packages/django/template/base.py", line 583, in parse
    compiled_result = compile_func(self, token)
  File "/Library/Frameworks/Python.framework/Versions/3.14/lib/python3.14/site-packages/django/template/loader_tags.py", line 235, in do_block
    nodelist = parser.parse(("endblock",))
  File "/Library/Frameworks/Python.framework/Versions/3.14/lib/python3.14/site-packages/django/template/base.py", line 585, in parse
    raise self.error(token, e)
  File "/Library/Frameworks/Python.framework/Versions/3.14/lib/python3.14/site-packages/django/template/base.py", line 583, in parse
    compiled_result = compile_func(self, token)
  File "/Library/Frameworks/Python.framework/Versions/3.14/lib/python3.14/site-packages/django/template/defaulttags.py", line 994, in do_if
    nodelist = parser.parse(("elif", "else", "endif"))
  File "/Library/Frameworks/Python.framework/Versions/3.14/lib/python3.14/site-packages/django/template/base.py", line 579, in parse
    self.invalid_block_tag(token, command, parse_until)
    ~~~~~~~~~~~~~~~~~~~~~~^^^^^^^^^^^^^^^^^^^^^^^^^^^^^
  File "/Library/Frameworks/Python.framework/Versions/3.14/lib/python3.14/site-packages/django/template/base.py", line 634, in invalid_block_tag
    raise self.error(
    ...<8 lines>...
    )
django.template.exceptions.TemplateSyntaxError: Template: /Users/kategorbenko/СТЗweb-пр/LR55/templates/info/about.html, Invalid block tag on line 47: 'endblock', expected 'elif', 'else' or 'endif'. Did you forget to register or load this tag?
INFO 2026-09-08 10:42:51,420 autoreload Watching for file changes with StatReloader
ERROR 2026-09-08 10:42:54,689 log Internal Server Error: /about/
Traceback (most recent call last):
  File "/Library/Frameworks/Python.framework/Versions/3.14/lib/python3.14/site-packages/django/template/base.py", line 577, in parse
    compile_func = self.tags[command]
                   ~~~~~~~~~^^^^^^^^^
KeyError: 'endblock'

During handling of the above exception, another exception occurred:

Traceback (most recent call last):
  File "/Library/Frameworks/Python.framework/Versions/3.14/lib/python3.14/site-packages/django/core/handlers/exception.py", line 55, in inner
    response = get_response(request)
  File "/Library/Frameworks/Python.framework/Versions/3.14/lib/python3.14/site-packages/django/core/handlers/base.py", line 198, in _get_response
    response = wrapped_callback(request, *callback_args, **callback_kwargs)
  File "/Users/kategorbenko/СТЗweb-пр/LR55/info/views.py", line 62, in about_view
    return render(request, 'info/about.html', {'company': company})
  File "/Library/Frameworks/Python.framework/Versions/3.14/lib/python3.14/site-packages/django/shortcuts.py", line 25, in render
    content = loader.render_to_string(template_name, context, request, using=using)
  File "/Library/Frameworks/Python.framework/Versions/3.14/lib/python3.14/site-packages/django/template/loader.py", line 61, in render_to_string
    template = get_template(template_name, using=using)
  File "/Library/Frameworks/Python.framework/Versions/3.14/lib/python3.14/site-packages/django/template/loader.py", line 15, in get_template
    return engine.get_template(template_name)
           ~~~~~~~~~~~~~~~~~~~^^^^^^^^^^^^^^^
  File "/Library/Frameworks/Python.framework/Versions/3.14/lib/python3.14/site-packages/django/template/backends/django.py", line 79, in get_template
    return Template(self.engine.get_template(template_name), self)
                    ~~~~~~~~~~~~~~~~~~~~~~~~^^^^^^^^^^^^^^^
  File "/Library/Frameworks/Python.framework/Versions/3.14/lib/python3.14/site-packages/django/template/engine.py", line 186, in get_template
    template, origin = self.find_template(template_name)
                       ~~~~~~~~~~~~~~~~~~^^^^^^^^^^^^^^^
  File "/Library/Frameworks/Python.framework/Versions/3.14/lib/python3.14/site-packages/django/template/engine.py", line 159, in find_template
    template = loader.get_template(name, skip=skip)
  File "/Library/Frameworks/Python.framework/Versions/3.14/lib/python3.14/site-packages/django/template/loaders/cached.py", line 57, in get_template
    template = super().get_template(template_name, skip)
  File "/Library/Frameworks/Python.framework/Versions/3.14/lib/python3.14/site-packages/django/template/loaders/base.py", line 28, in get_template
    return Template(
        contents,
    ...<2 lines>...
        self.engine,
    )
  File "/Library/Frameworks/Python.framework/Versions/3.14/lib/python3.14/site-packages/django/template/base.py", line 157, in __init__
    self.nodelist = self.compile_nodelist()
                    ~~~~~~~~~~~~~~~~~~~~~^^
  File "/Library/Frameworks/Python.framework/Versions/3.14/lib/python3.14/site-packages/django/template/base.py", line 199, in compile_nodelist
    nodelist = parser.parse()
  File "/Library/Frameworks/Python.framework/Versions/3.14/lib/python3.14/site-packages/django/template/base.py", line 585, in parse
    raise self.error(token, e)
  File "/Library/Frameworks/Python.framework/Versions/3.14/lib/python3.14/site-packages/django/template/base.py", line 583, in parse
    compiled_result = compile_func(self, token)
  File "/Library/Frameworks/Python.framework/Versions/3.14/lib/python3.14/site-packages/django/template/loader_tags.py", line 307, in do_extends
    nodelist = parser.parse()
  File "/Library/Frameworks/Python.framework/Versions/3.14/lib/python3.14/site-packages/django/template/base.py", line 585, in parse
    raise self.error(token, e)
  File "/Library/Frameworks/Python.framework/Versions/3.14/lib/python3.14/site-packages/django/template/base.py", line 583, in parse
    compiled_result = compile_func(self, token)
  File "/Library/Frameworks/Python.framework/Versions/3.14/lib/python3.14/site-packages/django/template/loader_tags.py", line 235, in do_block
    nodelist = parser.parse(("endblock",))
  File "/Library/Frameworks/Python.framework/Versions/3.14/lib/python3.14/site-packages/django/template/base.py", line 585, in parse
    raise self.error(token, e)
  File "/Library/Frameworks/Python.framework/Versions/3.14/lib/python3.14/site-packages/django/template/base.py", line 583, in parse
    compiled_result = compile_func(self, token)
  File "/Library/Frameworks/Python.framework/Versions/3.14/lib/python3.14/site-packages/django/template/defaulttags.py", line 994, in do_if
    nodelist = parser.parse(("elif", "else", "endif"))
  File "/Library/Frameworks/Python.framework/Versions/3.14/lib/python3.14/site-packages/django/template/base.py", line 579, in parse
    self.invalid_block_tag(token, command, parse_until)
    ~~~~~~~~~~~~~~~~~~~~~~^^^^^^^^^^^^^^^^^^^^^^^^^^^^^
  File "/Library/Frameworks/Python.framework/Versions/3.14/lib/python3.14/site-packages/django/template/base.py", line 634, in invalid_block_tag
    raise self.error(
    ...<8 lines>...
    )
django.template.exceptions.TemplateSyntaxError: Template: /Users/kategorbenko/СТЗweb-пр/LR55/templates/info/about.html, Invalid block tag on line 32: 'endblock', expected 'elif', 'else' or 'endif'. Did you forget to register or load this tag?
INFO 2026-09-08 10:43:34,978 autoreload Watching for file changes with StatReloader
ERROR 2026-09-08 10:43:38,458 log Internal Server Error: /about/
Traceback (most recent call last):
  File "/Library/Frameworks/Python.framework/Versions/3.14/lib/python3.14/site-packages/django/template/base.py", line 577, in parse
    compile_func = self.tags[command]
                   ~~~~~~~~~^^^^^^^^^
KeyError: 'endblock'

During handling of the above exception, another exception occurred:

Traceback (most recent call last):
  File "/Library/Frameworks/Python.framework/Versions/3.14/lib/python3.14/site-packages/django/core/handlers/exception.py", line 55, in inner
    response = get_response(request)
  File "/Library/Frameworks/Python.framework/Versions/3.14/lib/python3.14/site-packages/django/core/handlers/base.py", line 198, in _get_response
    response = wrapped_callback(request, *callback_args, **callback_kwargs)
  File "/Users/kategorbenko/СТЗweb-пр/LR55/info/views.py", line 62, in about_view
    return render(request, 'info/about.html', {'company': company})
  File "/Library/Frameworks/Python.framework/Versions/3.14/lib/python3.14/site-packages/django/shortcuts.py", line 25, in render
    content = loader.render_to_string(template_name, context, request, using=using)
  File "/Library/Frameworks/Python.framework/Versions/3.14/lib/python3.14/site-packages/django/template/loader.py", line 61, in render_to_string
    template = get_template(template_name, using=using)
  File "/Library/Frameworks/Python.framework/Versions/3.14/lib/python3.14/site-packages/django/template/loader.py", line 15, in get_template
    return engine.get_template(template_name)
           ~~~~~~~~~~~~~~~~~~~^^^^^^^^^^^^^^^
  File "/Library/Frameworks/Python.framework/Versions/3.14/lib/python3.14/site-packages/django/template/backends/django.py", line 79, in get_template
    return Template(self.engine.get_template(template_name), self)
                    ~~~~~~~~~~~~~~~~~~~~~~~~^^^^^^^^^^^^^^^
  File "/Library/Frameworks/Python.framework/Versions/3.14/lib/python3.14/site-packages/django/template/engine.py", line 186, in get_template
    template, origin = self.find_template(template_name)
                       ~~~~~~~~~~~~~~~~~~^^^^^^^^^^^^^^^
  File "/Library/Frameworks/Python.framework/Versions/3.14/lib/python3.14/site-packages/django/template/engine.py", line 159, in find_template
    template = loader.get_template(name, skip=skip)
  File "/Library/Frameworks/Python.framework/Versions/3.14/lib/python3.14/site-packages/django/template/loaders/cached.py", line 57, in get_template
    template = super().get_template(template_name, skip)
  File "/Library/Frameworks/Python.framework/Versions/3.14/lib/python3.14/site-packages/django/template/loaders/base.py", line 28, in get_template
    return Template(
        contents,
    ...<2 lines>...
        self.engine,
    )
  File "/Library/Frameworks/Python.framework/Versions/3.14/lib/python3.14/site-packages/django/template/base.py", line 157, in __init__
    self.nodelist = self.compile_nodelist()
                    ~~~~~~~~~~~~~~~~~~~~~^^
  File "/Library/Frameworks/Python.framework/Versions/3.14/lib/python3.14/site-packages/django/template/base.py", line 199, in compile_nodelist
    nodelist = parser.parse()
  File "/Library/Frameworks/Python.framework/Versions/3.14/lib/python3.14/site-packages/django/template/base.py", line 585, in parse
    raise self.error(token, e)
  File "/Library/Frameworks/Python.framework/Versions/3.14/lib/python3.14/site-packages/django/template/base.py", line 583, in parse
    compiled_result = compile_func(self, token)
  File "/Library/Frameworks/Python.framework/Versions/3.14/lib/python3.14/site-packages/django/template/loader_tags.py", line 307, in do_extends
    nodelist = parser.parse()
  File "/Library/Frameworks/Python.framework/Versions/3.14/lib/python3.14/site-packages/django/template/base.py", line 585, in parse
    raise self.error(token, e)
  File "/Library/Frameworks/Python.framework/Versions/3.14/lib/python3.14/site-packages/django/template/base.py", line 583, in parse
    compiled_result = compile_func(self, token)
  File "/Library/Frameworks/Python.framework/Versions/3.14/lib/python3.14/site-packages/django/template/loader_tags.py", line 235, in do_block
    nodelist = parser.parse(("endblock",))
  File "/Library/Frameworks/Python.framework/Versions/3.14/lib/python3.14/site-packages/django/template/base.py", line 585, in parse
    raise self.error(token, e)
  File "/Library/Frameworks/Python.framework/Versions/3.14/lib/python3.14/site-packages/django/template/base.py", line 583, in parse
    compiled_result = compile_func(self, token)
  File "/Library/Frameworks/Python.framework/Versions/3.14/lib/python3.14/site-packages/django/template/defaulttags.py", line 994, in do_if
    nodelist = parser.parse(("elif", "else", "endif"))
  File "/Library/Frameworks/Python.framework/Versions/3.14/lib/python3.14/site-packages/django/template/base.py", line 579, in parse
    self.invalid_block_tag(token, command, parse_until)
    ~~~~~~~~~~~~~~~~~~~~~~^^^^^^^^^^^^^^^^^^^^^^^^^^^^^
  File "/Library/Frameworks/Python.framework/Versions/3.14/lib/python3.14/site-packages/django/template/base.py", line 634, in invalid_block_tag
    raise self.error(
    ...<8 lines>...
    )
django.template.exceptions.TemplateSyntaxError: Template: /Users/kategorbenko/СТЗweb-пр/LR55/templates/info/about.html, Invalid block tag on line 32: 'endblock', expected 'elif', 'else' or 'endif'. Did you forget to register or load this tag?
INFO 2026-09-08 10:44:19,523 autoreload Watching for file changes with StatReloader
WARNING 2026-09-08 10:44:42,676 log Not Found: /apple-touch-icon-precomposed.png
WARNING 2026-09-08 10:44:42,677 log Not Found: /apple-touch-icon.png
WARNING 2026-09-08 10:44:42,680 log Not Found: /favicon.ico
WARNING 2026-09-08 10:44:43,819 log Not Found: /apple-touch-icon-precomposed.png
WARNING 2026-09-08 10:44:43,820 log Not Found: /favicon.ico
WARNING 2026-09-08 10:44:43,973 log Not Found: /apple-touch-icon.png
WARNING 2026-09-08 10:44:44,017 log Not Found: /favicon.ico
INFO 2026-09-08 10:50:33,810 autoreload Watching for file changes with StatReloader
ERROR 2026-09-08 11:36:25,789 log Internal Server Error: /about/
Traceback (most recent call last):
  File "/Library/Frameworks/Python.framework/Versions/3.14/lib/python3.14/site-packages/django/template/base.py", line 577, in parse
    compile_func = self.tags[command]
                   ~~~~~~~~~^^^^^^^^^
KeyError: 'endblock'

During handling of the above exception, another exception occurred:

Traceback (most recent call last):
  File "/Library/Frameworks/Python.framework/Versions/3.14/lib/python3.14/site-packages/django/core/handlers/exception.py", line 55, in inner
    response = get_response(request)
  File "/Library/Frameworks/Python.framework/Versions/3.14/lib/python3.14/site-packages/django/core/handlers/base.py", line 198, in _get_response
    response = wrapped_callback(request, *callback_args, **callback_kwargs)
  File "/Users/kategorbenko/СТЗweb-пр/LR55/info/views.py", line 62, in about_view
    return render(request, 'info/about.html', {'company': company})
  File "/Library/Frameworks/Python.framework/Versions/3.14/lib/python3.14/site-packages/django/shortcuts.py", line 25, in render
    content = loader.render_to_string(template_name, context, request, using=using)
  File "/Library/Frameworks/Python.framework/Versions/3.14/lib/python3.14/site-packages/django/template/loader.py", line 61, in render_to_string
    template = get_template(template_name, using=using)
  File "/Library/Frameworks/Python.framework/Versions/3.14/lib/python3.14/site-packages/django/template/loader.py", line 15, in get_template
    return engine.get_template(template_name)
           ~~~~~~~~~~~~~~~~~~~^^^^^^^^^^^^^^^
  File "/Library/Frameworks/Python.framework/Versions/3.14/lib/python3.14/site-packages/django/template/backends/django.py", line 79, in get_template
    return Template(self.engine.get_template(template_name), self)
                    ~~~~~~~~~~~~~~~~~~~~~~~~^^^^^^^^^^^^^^^
  File "/Library/Frameworks/Python.framework/Versions/3.14/lib/python3.14/site-packages/django/template/engine.py", line 186, in get_template
    template, origin = self.find_template(template_name)
                       ~~~~~~~~~~~~~~~~~~^^^^^^^^^^^^^^^
  File "/Library/Frameworks/Python.framework/Versions/3.14/lib/python3.14/site-packages/django/template/engine.py", line 159, in find_template
    template = loader.get_template(name, skip=skip)
  File "/Library/Frameworks/Python.framework/Versions/3.14/lib/python3.14/site-packages/django/template/loaders/cached.py", line 57, in get_template
    template = super().get_template(template_name, skip)
  File "/Library/Frameworks/Python.framework/Versions/3.14/lib/python3.14/site-packages/django/template/loaders/base.py", line 28, in get_template
    return Template(
        contents,
    ...<2 lines>...
        self.engine,
    )
  File "/Library/Frameworks/Python.framework/Versions/3.14/lib/python3.14/site-packages/django/template/base.py", line 157, in __init__
    self.nodelist = self.compile_nodelist()
                    ~~~~~~~~~~~~~~~~~~~~~^^
  File "/Library/Frameworks/Python.framework/Versions/3.14/lib/python3.14/site-packages/django/template/base.py", line 199, in compile_nodelist
    nodelist = parser.parse()
  File "/Library/Frameworks/Python.framework/Versions/3.14/lib/python3.14/site-packages/django/template/base.py", line 585, in parse
    raise self.error(token, e)
  File "/Library/Frameworks/Python.framework/Versions/3.14/lib/python3.14/site-packages/django/template/base.py", line 583, in parse
    compiled_result = compile_func(self, token)
  File "/Library/Frameworks/Python.framework/Versions/3.14/lib/python3.14/site-packages/django/template/loader_tags.py", line 307, in do_extends
    nodelist = parser.parse()
  File "/Library/Frameworks/Python.framework/Versions/3.14/lib/python3.14/site-packages/django/template/base.py", line 585, in parse
    raise self.error(token, e)
  File "/Library/Frameworks/Python.framework/Versions/3.14/lib/python3.14/site-packages/django/template/base.py", line 583, in parse
    compiled_result = compile_func(self, token)
  File "/Library/Frameworks/Python.framework/Versions/3.14/lib/python3.14/site-packages/django/template/loader_tags.py", line 235, in do_block
    nodelist = parser.parse(("endblock",))
  File "/Library/Frameworks/Python.framework/Versions/3.14/lib/python3.14/site-packages/django/template/base.py", line 585, in parse
    raise self.error(token, e)
  File "/Library/Frameworks/Python.framework/Versions/3.14/lib/python3.14/site-packages/django/template/base.py", line 583, in parse
    compiled_result = compile_func(self, token)
  File "/Library/Frameworks/Python.framework/Versions/3.14/lib/python3.14/site-packages/django/template/defaulttags.py", line 994, in do_if
    nodelist = parser.parse(("elif", "else", "endif"))
  File "/Library/Frameworks/Python.framework/Versions/3.14/lib/python3.14/site-packages/django/template/base.py", line 579, in parse
    self.invalid_block_tag(token, command, parse_until)
    ~~~~~~~~~~~~~~~~~~~~~~^^^^^^^^^^^^^^^^^^^^^^^^^^^^^
  File "/Library/Frameworks/Python.framework/Versions/3.14/lib/python3.14/site-packages/django/template/base.py", line 634, in invalid_block_tag
    raise self.error(
    ...<8 lines>...
    )
django.template.exceptions.TemplateSyntaxError: Template: /Users/kategorbenko/СТЗweb-пр/LR55/templates/info/about.html, Invalid block tag on line 60: 'endblock', expected 'elif', 'else' or 'endif'. Did you forget to register or load this tag?
INFO 2026-09-08 11:37:04,359 autoreload Watching for file changes with StatReloader
ERROR 2026-09-08 11:37:07,148 log Internal Server Error: /about/
Traceback (most recent call last):
  File "/Library/Frameworks/Python.framework/Versions/3.14/lib/python3.14/site-packages/django/template/base.py", line 577, in parse
    compile_func = self.tags[command]
                   ~~~~~~~~~^^^^^^^^^
KeyError: 'endblock'

During handling of the above exception, another exception occurred:

Traceback (most recent call last):
  File "/Library/Frameworks/Python.framework/Versions/3.14/lib/python3.14/site-packages/django/core/handlers/exception.py", line 55, in inner
    response = get_response(request)
  File "/Library/Frameworks/Python.framework/Versions/3.14/lib/python3.14/site-packages/django/core/handlers/base.py", line 198, in _get_response
    response = wrapped_callback(request, *callback_args, **callback_kwargs)
  File "/Users/kategorbenko/СТЗweb-пр/LR55/info/views.py", line 62, in about_view
    return render(request, 'info/about.html', {'company': company})
  File "/Library/Frameworks/Python.framework/Versions/3.14/lib/python3.14/site-packages/django/shortcuts.py", line 25, in render
    content = loader.render_to_string(template_name, context, request, using=using)
  File "/Library/Frameworks/Python.framework/Versions/3.14/lib/python3.14/site-packages/django/template/loader.py", line 61, in render_to_string
    template = get_template(template_name, using=using)
  File "/Library/Frameworks/Python.framework/Versions/3.14/lib/python3.14/site-packages/django/template/loader.py", line 15, in get_template
    return engine.get_template(template_name)
           ~~~~~~~~~~~~~~~~~~~^^^^^^^^^^^^^^^
  File "/Library/Frameworks/Python.framework/Versions/3.14/lib/python3.14/site-packages/django/template/backends/django.py", line 79, in get_template
    return Template(self.engine.get_template(template_name), self)
                    ~~~~~~~~~~~~~~~~~~~~~~~~^^^^^^^^^^^^^^^
  File "/Library/Frameworks/Python.framework/Versions/3.14/lib/python3.14/site-packages/django/template/engine.py", line 186, in get_template
    template, origin = self.find_template(template_name)
                       ~~~~~~~~~~~~~~~~~~^^^^^^^^^^^^^^^
  File "/Library/Frameworks/Python.framework/Versions/3.14/lib/python3.14/site-packages/django/template/engine.py", line 159, in find_template
    template = loader.get_template(name, skip=skip)
  File "/Library/Frameworks/Python.framework/Versions/3.14/lib/python3.14/site-packages/django/template/loaders/cached.py", line 57, in get_template
    template = super().get_template(template_name, skip)
  File "/Library/Frameworks/Python.framework/Versions/3.14/lib/python3.14/site-packages/django/template/loaders/base.py", line 28, in get_template
    return Template(
        contents,
    ...<2 lines>...
        self.engine,
    )
  File "/Library/Frameworks/Python.framework/Versions/3.14/lib/python3.14/site-packages/django/template/base.py", line 157, in __init__
    self.nodelist = self.compile_nodelist()
                    ~~~~~~~~~~~~~~~~~~~~~^^
  File "/Library/Frameworks/Python.framework/Versions/3.14/lib/python3.14/site-packages/django/template/base.py", line 199, in compile_nodelist
    nodelist = parser.parse()
  File "/Library/Frameworks/Python.framework/Versions/3.14/lib/python3.14/site-packages/django/template/base.py", line 585, in parse
    raise self.error(token, e)
  File "/Library/Frameworks/Python.framework/Versions/3.14/lib/python3.14/site-packages/django/template/base.py", line 583, in parse
    compiled_result = compile_func(self, token)
  File "/Library/Frameworks/Python.framework/Versions/3.14/lib/python3.14/site-packages/django/template/loader_tags.py", line 307, in do_extends
    nodelist = parser.parse()
  File "/Library/Frameworks/Python.framework/Versions/3.14/lib/python3.14/site-packages/django/template/base.py", line 585, in parse
    raise self.error(token, e)
  File "/Library/Frameworks/Python.framework/Versions/3.14/lib/python3.14/site-packages/django/template/base.py", line 583, in parse
    compiled_result = compile_func(self, token)
  File "/Library/Frameworks/Python.framework/Versions/3.14/lib/python3.14/site-packages/django/template/loader_tags.py", line 235, in do_block
    nodelist = parser.parse(("endblock",))
  File "/Library/Frameworks/Python.framework/Versions/3.14/lib/python3.14/site-packages/django/template/base.py", line 585, in parse
    raise self.error(token, e)
  File "/Library/Frameworks/Python.framework/Versions/3.14/lib/python3.14/site-packages/django/template/base.py", line 583, in parse
    compiled_result = compile_func(self, token)
  File "/Library/Frameworks/Python.framework/Versions/3.14/lib/python3.14/site-packages/django/template/defaulttags.py", line 994, in do_if
    nodelist = parser.parse(("elif", "else", "endif"))
  File "/Library/Frameworks/Python.framework/Versions/3.14/lib/python3.14/site-packages/django/template/base.py", line 579, in parse
    self.invalid_block_tag(token, command, parse_until)
    ~~~~~~~~~~~~~~~~~~~~~~^^^^^^^^^^^^^^^^^^^^^^^^^^^^^
  File "/Library/Frameworks/Python.framework/Versions/3.14/lib/python3.14/site-packages/django/template/base.py", line 634, in invalid_block_tag
    raise self.error(
    ...<8 lines>...
    )
django.template.exceptions.TemplateSyntaxError: Template: /Users/kategorbenko/СТЗweb-пр/LR55/templates/info/about.html, Invalid block tag on line 60: 'endblock', expected 'elif', 'else' or 'endif'. Did you forget to register or load this tag?
INFO 2026-09-08 11:49:32,961 autoreload Watching for file changes with StatReloader
ERROR 2026-09-08 11:49:36,280 log Internal Server Error: /about/
Traceback (most recent call last):
  File "/Library/Frameworks/Python.framework/Versions/3.14/lib/python3.14/site-packages/django/template/base.py", line 577, in parse
    compile_func = self.tags[command]
                   ~~~~~~~~~^^^^^^^^^
KeyError: 'endblock'

During handling of the above exception, another exception occurred:

Traceback (most recent call last):
  File "/Library/Frameworks/Python.framework/Versions/3.14/lib/python3.14/site-packages/django/core/handlers/exception.py", line 55, in inner
    response = get_response(request)
  File "/Library/Frameworks/Python.framework/Versions/3.14/lib/python3.14/site-packages/django/core/handlers/base.py", line 198, in _get_response
    response = wrapped_callback(request, *callback_args, **callback_kwargs)
  File "/Users/kategorbenko/СТЗweb-пр/LR55/info/views.py", line 62, in about_view
    return render(request, 'info/about.html', {'company': company})
  File "/Library/Frameworks/Python.framework/Versions/3.14/lib/python3.14/site-packages/django/shortcuts.py", line 25, in render
    content = loader.render_to_string(template_name, context, request, using=using)
  File "/Library/Frameworks/Python.framework/Versions/3.14/lib/python3.14/site-packages/django/template/loader.py", line 61, in render_to_string
    template = get_template(template_name, using=using)
  File "/Library/Frameworks/Python.framework/Versions/3.14/lib/python3.14/site-packages/django/template/loader.py", line 15, in get_template
    return engine.get_template(template_name)
           ~~~~~~~~~~~~~~~~~~~^^^^^^^^^^^^^^^
  File "/Library/Frameworks/Python.framework/Versions/3.14/lib/python3.14/site-packages/django/template/backends/django.py", line 79, in get_template
    return Template(self.engine.get_template(template_name), self)
                    ~~~~~~~~~~~~~~~~~~~~~~~~^^^^^^^^^^^^^^^
  File "/Library/Frameworks/Python.framework/Versions/3.14/lib/python3.14/site-packages/django/template/engine.py", line 186, in get_template
    template, origin = self.find_template(template_name)
                       ~~~~~~~~~~~~~~~~~~^^^^^^^^^^^^^^^
  File "/Library/Frameworks/Python.framework/Versions/3.14/lib/python3.14/site-packages/django/template/engine.py", line 159, in find_template
    template = loader.get_template(name, skip=skip)
  File "/Library/Frameworks/Python.framework/Versions/3.14/lib/python3.14/site-packages/django/template/loaders/cached.py", line 57, in get_template
    template = super().get_template(template_name, skip)
  File "/Library/Frameworks/Python.framework/Versions/3.14/lib/python3.14/site-packages/django/template/loaders/base.py", line 28, in get_template
    return Template(
        contents,
    ...<2 lines>...
        self.engine,
    )
  File "/Library/Frameworks/Python.framework/Versions/3.14/lib/python3.14/site-packages/django/template/base.py", line 157, in __init__
    self.nodelist = self.compile_nodelist()
                    ~~~~~~~~~~~~~~~~~~~~~^^
  File "/Library/Frameworks/Python.framework/Versions/3.14/lib/python3.14/site-packages/django/template/base.py", line 199, in compile_nodelist
    nodelist = parser.parse()
  File "/Library/Frameworks/Python.framework/Versions/3.14/lib/python3.14/site-packages/django/template/base.py", line 585, in parse
    raise self.error(token, e)
  File "/Library/Frameworks/Python.framework/Versions/3.14/lib/python3.14/site-packages/django/template/base.py", line 583, in parse
    compiled_result = compile_func(self, token)
  File "/Library/Frameworks/Python.framework/Versions/3.14/lib/python3.14/site-packages/django/template/loader_tags.py", line 307, in do_extends
    nodelist = parser.parse()
  File "/Library/Frameworks/Python.framework/Versions/3.14/lib/python3.14/site-packages/django/template/base.py", line 585, in parse
    raise self.error(token, e)
  File "/Library/Frameworks/Python.framework/Versions/3.14/lib/python3.14/site-packages/django/template/base.py", line 583, in parse
    compiled_result = compile_func(self, token)
  File "/Library/Frameworks/Python.framework/Versions/3.14/lib/python3.14/site-packages/django/template/loader_tags.py", line 235, in do_block
    nodelist = parser.parse(("endblock",))
  File "/Library/Frameworks/Python.framework/Versions/3.14/lib/python3.14/site-packages/django/template/base.py", line 585, in parse
    raise self.error(token, e)
  File "/Library/Frameworks/Python.framework/Versions/3.14/lib/python3.14/site-packages/django/template/base.py", line 583, in parse
    compiled_result = compile_func(self, token)
  File "/Library/Frameworks/Python.framework/Versions/3.14/lib/python3.14/site-packages/django/template/defaulttags.py", line 994, in do_if
    nodelist = parser.parse(("elif", "else", "endif"))
  File "/Library/Frameworks/Python.framework/Versions/3.14/lib/python3.14/site-packages/django/template/base.py", line 579, in parse
    self.invalid_block_tag(token, command, parse_until)
    ~~~~~~~~~~~~~~~~~~~~~~^^^^^^^^^^^^^^^^^^^^^^^^^^^^^
  File "/Library/Frameworks/Python.framework/Versions/3.14/lib/python3.14/site-packages/django/template/base.py", line 634, in invalid_block_tag
    raise self.error(
    ...<8 lines>...
    )
django.template.exceptions.TemplateSyntaxError: Template: /Users/kategorbenko/СТЗweb-пр/LR55/templates/info/about.html, Invalid block tag on line 60: 'endblock', expected 'elif', 'else' or 'endif'. Did you forget to register or load this tag?
INFO 2026-09-08 11:51:16,231 autoreload Watching for file changes with StatReloader
ERROR 2026-09-08 11:51:18,876 log Internal Server Error: /about/
Traceback (most recent call last):
  File "/Library/Frameworks/Python.framework/Versions/3.14/lib/python3.14/site-packages/django/template/base.py", line 577, in parse
    compile_func = self.tags[command]
                   ~~~~~~~~~^^^^^^^^^
KeyError: 'endblock'

During handling of the above exception, another exception occurred:

Traceback (most recent call last):
  File "/Library/Frameworks/Python.framework/Versions/3.14/lib/python3.14/site-packages/django/core/handlers/exception.py", line 55, in inner
    response = get_response(request)
  File "/Library/Frameworks/Python.framework/Versions/3.14/lib/python3.14/site-packages/django/core/handlers/base.py", line 198, in _get_response
    response = wrapped_callback(request, *callback_args, **callback_kwargs)
  File "/Users/kategorbenko/СТЗweb-пр/LR55/info/views.py", line 62, in about_view
    return render(request, 'info/about.html', {'company': company})
  File "/Library/Frameworks/Python.framework/Versions/3.14/lib/python3.14/site-packages/django/shortcuts.py", line 25, in render
    content = loader.render_to_string(template_name, context, request, using=using)
  File "/Library/Frameworks/Python.framework/Versions/3.14/lib/python3.14/site-packages/django/template/loader.py", line 61, in render_to_string
    template = get_template(template_name, using=using)
  File "/Library/Frameworks/Python.framework/Versions/3.14/lib/python3.14/site-packages/django/template/loader.py", line 15, in get_template
    return engine.get_template(template_name)
           ~~~~~~~~~~~~~~~~~~~^^^^^^^^^^^^^^^
  File "/Library/Frameworks/Python.framework/Versions/3.14/lib/python3.14/site-packages/django/template/backends/django.py", line 79, in get_template
    return Template(self.engine.get_template(template_name), self)
                    ~~~~~~~~~~~~~~~~~~~~~~~~^^^^^^^^^^^^^^^
  File "/Library/Frameworks/Python.framework/Versions/3.14/lib/python3.14/site-packages/django/template/engine.py", line 186, in get_template
    template, origin = self.find_template(template_name)
                       ~~~~~~~~~~~~~~~~~~^^^^^^^^^^^^^^^
  File "/Library/Frameworks/Python.framework/Versions/3.14/lib/python3.14/site-packages/django/template/engine.py", line 159, in find_template
    template = loader.get_template(name, skip=skip)
  File "/Library/Frameworks/Python.framework/Versions/3.14/lib/python3.14/site-packages/django/template/loaders/cached.py", line 57, in get_template
    template = super().get_template(template_name, skip)
  File "/Library/Frameworks/Python.framework/Versions/3.14/lib/python3.14/site-packages/django/template/loaders/base.py", line 28, in get_template
    return Template(
        contents,
    ...<2 lines>...
        self.engine,
    )
  File "/Library/Frameworks/Python.framework/Versions/3.14/lib/python3.14/site-packages/django/template/base.py", line 157, in __init__
    self.nodelist = self.compile_nodelist()
                    ~~~~~~~~~~~~~~~~~~~~~^^
  File "/Library/Frameworks/Python.framework/Versions/3.14/lib/python3.14/site-packages/django/template/base.py", line 199, in compile_nodelist
    nodelist = parser.parse()
  File "/Library/Frameworks/Python.framework/Versions/3.14/lib/python3.14/site-packages/django/template/base.py", line 585, in parse
    raise self.error(token, e)
  File "/Library/Frameworks/Python.framework/Versions/3.14/lib/python3.14/site-packages/django/template/base.py", line 583, in parse
    compiled_result = compile_func(self, token)
  File "/Library/Frameworks/Python.framework/Versions/3.14/lib/python3.14/site-packages/django/template/loader_tags.py", line 307, in do_extends
    nodelist = parser.parse()
  File "/Library/Frameworks/Python.framework/Versions/3.14/lib/python3.14/site-packages/django/template/base.py", line 585, in parse
    raise self.error(token, e)
  File "/Library/Frameworks/Python.framework/Versions/3.14/lib/python3.14/site-packages/django/template/base.py", line 583, in parse
    compiled_result = compile_func(self, token)
  File "/Library/Frameworks/Python.framework/Versions/3.14/lib/python3.14/site-packages/django/template/loader_tags.py", line 235, in do_block
    nodelist = parser.parse(("endblock",))
  File "/Library/Frameworks/Python.framework/Versions/3.14/lib/python3.14/site-packages/django/template/base.py", line 585, in parse
    raise self.error(token, e)
  File "/Library/Frameworks/Python.framework/Versions/3.14/lib/python3.14/site-packages/django/template/base.py", line 583, in parse
    compiled_result = compile_func(self, token)
  File "/Library/Frameworks/Python.framework/Versions/3.14/lib/python3.14/site-packages/django/template/defaulttags.py", line 994, in do_if
    nodelist = parser.parse(("elif", "else", "endif"))
  File "/Library/Frameworks/Python.framework/Versions/3.14/lib/python3.14/site-packages/django/template/base.py", line 579, in parse
    self.invalid_block_tag(token, command, parse_until)
    ~~~~~~~~~~~~~~~~~~~~~~^^^^^^^^^^^^^^^^^^^^^^^^^^^^^
  File "/Library/Frameworks/Python.framework/Versions/3.14/lib/python3.14/site-packages/django/template/base.py", line 634, in invalid_block_tag
    raise self.error(
    ...<8 lines>...
    )
django.template.exceptions.TemplateSyntaxError: Template: /Users/kategorbenko/СТЗweb-пр/LR55/templates/info/about.html, Invalid block tag on line 60: 'endblock', expected 'elif', 'else' or 'endif'. Did you forget to register or load this tag?
INFO 2026-09-08 11:52:33,688 autoreload Watching for file changes with StatReloader
ERROR 2026-09-08 11:52:36,492 log Internal Server Error: /about/
Traceback (most recent call last):
  File "/Library/Frameworks/Python.framework/Versions/3.14/lib/python3.14/site-packages/django/template/base.py", line 577, in parse
    compile_func = self.tags[command]
                   ~~~~~~~~~^^^^^^^^^
KeyError: 'endblock'

During handling of the above exception, another exception occurred:

Traceback (most recent call last):
  File "/Library/Frameworks/Python.framework/Versions/3.14/lib/python3.14/site-packages/django/core/handlers/exception.py", line 55, in inner
    response = get_response(request)
  File "/Library/Frameworks/Python.framework/Versions/3.14/lib/python3.14/site-packages/django/core/handlers/base.py", line 198, in _get_response
    response = wrapped_callback(request, *callback_args, **callback_kwargs)
  File "/Users/kategorbenko/СТЗweb-пр/LR55/info/views.py", line 62, in about_view
    return render(request, 'info/about.html', {'company': company})
  File "/Library/Frameworks/Python.framework/Versions/3.14/lib/python3.14/site-packages/django/shortcuts.py", line 25, in render
    content = loader.render_to_string(template_name, context, request, using=using)
  File "/Library/Frameworks/Python.framework/Versions/3.14/lib/python3.14/site-packages/django/template/loader.py", line 61, in render_to_string
    template = get_template(template_name, using=using)
  File "/Library/Frameworks/Python.framework/Versions/3.14/lib/python3.14/site-packages/django/template/loader.py", line 15, in get_template
    return engine.get_template(template_name)
           ~~~~~~~~~~~~~~~~~~~^^^^^^^^^^^^^^^
  File "/Library/Frameworks/Python.framework/Versions/3.14/lib/python3.14/site-packages/django/template/backends/django.py", line 79, in get_template
    return Template(self.engine.get_template(template_name), self)
                    ~~~~~~~~~~~~~~~~~~~~~~~~^^^^^^^^^^^^^^^
  File "/Library/Frameworks/Python.framework/Versions/3.14/lib/python3.14/site-packages/django/template/engine.py", line 186, in get_template
    template, origin = self.find_template(template_name)
                       ~~~~~~~~~~~~~~~~~~^^^^^^^^^^^^^^^
  File "/Library/Frameworks/Python.framework/Versions/3.14/lib/python3.14/site-packages/django/template/engine.py", line 159, in find_template
    template = loader.get_template(name, skip=skip)
  File "/Library/Frameworks/Python.framework/Versions/3.14/lib/python3.14/site-packages/django/template/loaders/cached.py", line 57, in get_template
    template = super().get_template(template_name, skip)
  File "/Library/Frameworks/Python.framework/Versions/3.14/lib/python3.14/site-packages/django/template/loaders/base.py", line 28, in get_template
    return Template(
        contents,
    ...<2 lines>...
        self.engine,
    )
  File "/Library/Frameworks/Python.framework/Versions/3.14/lib/python3.14/site-packages/django/template/base.py", line 157, in __init__
    self.nodelist = self.compile_nodelist()
                    ~~~~~~~~~~~~~~~~~~~~~^^
  File "/Library/Frameworks/Python.framework/Versions/3.14/lib/python3.14/site-packages/django/template/base.py", line 199, in compile_nodelist
    nodelist = parser.parse()
  File "/Library/Frameworks/Python.framework/Versions/3.14/lib/python3.14/site-packages/django/template/base.py", line 585, in parse
    raise self.error(token, e)
  File "/Library/Frameworks/Python.framework/Versions/3.14/lib/python3.14/site-packages/django/template/base.py", line 583, in parse
    compiled_result = compile_func(self, token)
  File "/Library/Frameworks/Python.framework/Versions/3.14/lib/python3.14/site-packages/django/template/loader_tags.py", line 307, in do_extends
    nodelist = parser.parse()
  File "/Library/Frameworks/Python.framework/Versions/3.14/lib/python3.14/site-packages/django/template/base.py", line 585, in parse
    raise self.error(token, e)
  File "/Library/Frameworks/Python.framework/Versions/3.14/lib/python3.14/site-packages/django/template/base.py", line 583, in parse
    compiled_result = compile_func(self, token)
  File "/Library/Frameworks/Python.framework/Versions/3.14/lib/python3.14/site-packages/django/template/loader_tags.py", line 235, in do_block
    nodelist = parser.parse(("endblock",))
  File "/Library/Frameworks/Python.framework/Versions/3.14/lib/python3.14/site-packages/django/template/base.py", line 585, in parse
    raise self.error(token, e)
  File "/Library/Frameworks/Python.framework/Versions/3.14/lib/python3.14/site-packages/django/template/base.py", line 583, in parse
    compiled_result = compile_func(self, token)
  File "/Library/Frameworks/Python.framework/Versions/3.14/lib/python3.14/site-packages/django/template/defaulttags.py", line 994, in do_if
    nodelist = parser.parse(("elif", "else", "endif"))
  File "/Library/Frameworks/Python.framework/Versions/3.14/lib/python3.14/site-packages/django/template/base.py", line 579, in parse
    self.invalid_block_tag(token, command, parse_until)
    ~~~~~~~~~~~~~~~~~~~~~~^^^^^^^^^^^^^^^^^^^^^^^^^^^^^
  File "/Library/Frameworks/Python.framework/Versions/3.14/lib/python3.14/site-packages/django/template/base.py", line 634, in invalid_block_tag
    raise self.error(
    ...<8 lines>...
    )
django.template.exceptions.TemplateSyntaxError: Template: /Users/kategorbenko/СТЗweb-пр/LR55/templates/info/about.html, Invalid block tag on line 63: 'endblock', expected 'elif', 'else' or 'endif'. Did you forget to register or load this tag?
ERROR 2026-09-08 11:53:56,769 log Internal Server Error: /about/
Traceback (most recent call last):
  File "/Library/Frameworks/Python.framework/Versions/3.14/lib/python3.14/site-packages/django/template/base.py", line 577, in parse
    compile_func = self.tags[command]
                   ~~~~~~~~~^^^^^^^^^
KeyError: 'endblock'

During handling of the above exception, another exception occurred:

Traceback (most recent call last):
  File "/Library/Frameworks/Python.framework/Versions/3.14/lib/python3.14/site-packages/django/core/handlers/exception.py", line 55, in inner
    response = get_response(request)
  File "/Library/Frameworks/Python.framework/Versions/3.14/lib/python3.14/site-packages/django/core/handlers/base.py", line 198, in _get_response
    response = wrapped_callback(request, *callback_args, **callback_kwargs)
  File "/Users/kategorbenko/СТЗweb-пр/LR55/info/views.py", line 62, in about_view
    return render(request, 'info/about.html', {'company': company})
  File "/Library/Frameworks/Python.framework/Versions/3.14/lib/python3.14/site-packages/django/shortcuts.py", line 25, in render
    content = loader.render_to_string(template_name, context, request, using=using)
  File "/Library/Frameworks/Python.framework/Versions/3.14/lib/python3.14/site-packages/django/template/loader.py", line 61, in render_to_string
    template = get_template(template_name, using=using)
  File "/Library/Frameworks/Python.framework/Versions/3.14/lib/python3.14/site-packages/django/template/loader.py", line 15, in get_template
    return engine.get_template(template_name)
           ~~~~~~~~~~~~~~~~~~~^^^^^^^^^^^^^^^
  File "/Library/Frameworks/Python.framework/Versions/3.14/lib/python3.14/site-packages/django/template/backends/django.py", line 79, in get_template
    return Template(self.engine.get_template(template_name), self)
                    ~~~~~~~~~~~~~~~~~~~~~~~~^^^^^^^^^^^^^^^
  File "/Library/Frameworks/Python.framework/Versions/3.14/lib/python3.14/site-packages/django/template/engine.py", line 186, in get_template
    template, origin = self.find_template(template_name)
                       ~~~~~~~~~~~~~~~~~~^^^^^^^^^^^^^^^
  File "/Library/Frameworks/Python.framework/Versions/3.14/lib/python3.14/site-packages/django/template/engine.py", line 159, in find_template
    template = loader.get_template(name, skip=skip)
  File "/Library/Frameworks/Python.framework/Versions/3.14/lib/python3.14/site-packages/django/template/loaders/cached.py", line 57, in get_template
    template = super().get_template(template_name, skip)
  File "/Library/Frameworks/Python.framework/Versions/3.14/lib/python3.14/site-packages/django/template/loaders/base.py", line 28, in get_template
    return Template(
        contents,
    ...<2 lines>...
        self.engine,
    )
  File "/Library/Frameworks/Python.framework/Versions/3.14/lib/python3.14/site-packages/django/template/base.py", line 157, in __init__
    self.nodelist = self.compile_nodelist()
                    ~~~~~~~~~~~~~~~~~~~~~^^
  File "/Library/Frameworks/Python.framework/Versions/3.14/lib/python3.14/site-packages/django/template/base.py", line 199, in compile_nodelist
    nodelist = parser.parse()
  File "/Library/Frameworks/Python.framework/Versions/3.14/lib/python3.14/site-packages/django/template/base.py", line 585, in parse
    raise self.error(token, e)
  File "/Library/Frameworks/Python.framework/Versions/3.14/lib/python3.14/site-packages/django/template/base.py", line 583, in parse
    compiled_result = compile_func(self, token)
  File "/Library/Frameworks/Python.framework/Versions/3.14/lib/python3.14/site-packages/django/template/loader_tags.py", line 307, in do_extends
    nodelist = parser.parse()
  File "/Library/Frameworks/Python.framework/Versions/3.14/lib/python3.14/site-packages/django/template/base.py", line 585, in parse
    raise self.error(token, e)
  File "/Library/Frameworks/Python.framework/Versions/3.14/lib/python3.14/site-packages/django/template/base.py", line 583, in parse
    compiled_result = compile_func(self, token)
  File "/Library/Frameworks/Python.framework/Versions/3.14/lib/python3.14/site-packages/django/template/loader_tags.py", line 235, in do_block
    nodelist = parser.parse(("endblock",))
  File "/Library/Frameworks/Python.framework/Versions/3.14/lib/python3.14/site-packages/django/template/base.py", line 585, in parse
    raise self.error(token, e)
  File "/Library/Frameworks/Python.framework/Versions/3.14/lib/python3.14/site-packages/django/template/base.py", line 583, in parse
    compiled_result = compile_func(self, token)
  File "/Library/Frameworks/Python.framework/Versions/3.14/lib/python3.14/site-packages/django/template/defaulttags.py", line 994, in do_if
    nodelist = parser.parse(("elif", "else", "endif"))
  File "/Library/Frameworks/Python.framework/Versions/3.14/lib/python3.14/site-packages/django/template/base.py", line 579, in parse
    self.invalid_block_tag(token, command, parse_until)
    ~~~~~~~~~~~~~~~~~~~~~~^^^^^^^^^^^^^^^^^^^^^^^^^^^^^
  File "/Library/Frameworks/Python.framework/Versions/3.14/lib/python3.14/site-packages/django/template/base.py", line 634, in invalid_block_tag
    raise self.error(
    ...<8 lines>...
    )
django.template.exceptions.TemplateSyntaxError: Template: /Users/kategorbenko/СТЗweb-пр/LR55/templates/info/about.html, Invalid block tag on line 66: 'endblock', expected 'elif', 'else' or 'endif'. Did you forget to register or load this tag?
ERROR 2026-09-08 11:53:59,359 log Internal Server Error: /about/
Traceback (most recent call last):
  File "/Library/Frameworks/Python.framework/Versions/3.14/lib/python3.14/site-packages/django/template/base.py", line 577, in parse
    compile_func = self.tags[command]
                   ~~~~~~~~~^^^^^^^^^
KeyError: 'endblock'

During handling of the above exception, another exception occurred:

Traceback (most recent call last):
  File "/Library/Frameworks/Python.framework/Versions/3.14/lib/python3.14/site-packages/django/core/handlers/exception.py", line 55, in inner
    response = get_response(request)
  File "/Library/Frameworks/Python.framework/Versions/3.14/lib/python3.14/site-packages/django/core/handlers/base.py", line 198, in _get_response
    response = wrapped_callback(request, *callback_args, **callback_kwargs)
  File "/Users/kategorbenko/СТЗweb-пр/LR55/info/views.py", line 62, in about_view
    return render(request, 'info/about.html', {'company': company})
  File "/Library/Frameworks/Python.framework/Versions/3.14/lib/python3.14/site-packages/django/shortcuts.py", line 25, in render
    content = loader.render_to_string(template_name, context, request, using=using)
  File "/Library/Frameworks/Python.framework/Versions/3.14/lib/python3.14/site-packages/django/template/loader.py", line 61, in render_to_string
    template = get_template(template_name, using=using)
  File "/Library/Frameworks/Python.framework/Versions/3.14/lib/python3.14/site-packages/django/template/loader.py", line 15, in get_template
    return engine.get_template(template_name)
           ~~~~~~~~~~~~~~~~~~~^^^^^^^^^^^^^^^
  File "/Library/Frameworks/Python.framework/Versions/3.14/lib/python3.14/site-packages/django/template/backends/django.py", line 79, in get_template
    return Template(self.engine.get_template(template_name), self)
                    ~~~~~~~~~~~~~~~~~~~~~~~~^^^^^^^^^^^^^^^
  File "/Library/Frameworks/Python.framework/Versions/3.14/lib/python3.14/site-packages/django/template/engine.py", line 186, in get_template
    template, origin = self.find_template(template_name)
                       ~~~~~~~~~~~~~~~~~~^^^^^^^^^^^^^^^
  File "/Library/Frameworks/Python.framework/Versions/3.14/lib/python3.14/site-packages/django/template/engine.py", line 159, in find_template
    template = loader.get_template(name, skip=skip)
  File "/Library/Frameworks/Python.framework/Versions/3.14/lib/python3.14/site-packages/django/template/loaders/cached.py", line 57, in get_template
    template = super().get_template(template_name, skip)
  File "/Library/Frameworks/Python.framework/Versions/3.14/lib/python3.14/site-packages/django/template/loaders/base.py", line 28, in get_template
    return Template(
        contents,
    ...<2 lines>...
        self.engine,
    )
  File "/Library/Frameworks/Python.framework/Versions/3.14/lib/python3.14/site-packages/django/template/base.py", line 157, in __init__
    self.nodelist = self.compile_nodelist()
                    ~~~~~~~~~~~~~~~~~~~~~^^
  File "/Library/Frameworks/Python.framework/Versions/3.14/lib/python3.14/site-packages/django/template/base.py", line 199, in compile_nodelist
    nodelist = parser.parse()
  File "/Library/Frameworks/Python.framework/Versions/3.14/lib/python3.14/site-packages/django/template/base.py", line 585, in parse
    raise self.error(token, e)
  File "/Library/Frameworks/Python.framework/Versions/3.14/lib/python3.14/site-packages/django/template/base.py", line 583, in parse
    compiled_result = compile_func(self, token)
  File "/Library/Frameworks/Python.framework/Versions/3.14/lib/python3.14/site-packages/django/template/loader_tags.py", line 307, in do_extends
    nodelist = parser.parse()
  File "/Library/Frameworks/Python.framework/Versions/3.14/lib/python3.14/site-packages/django/template/base.py", line 585, in parse
    raise self.error(token, e)
  File "/Library/Frameworks/Python.framework/Versions/3.14/lib/python3.14/site-packages/django/template/base.py", line 583, in parse
    compiled_result = compile_func(self, token)
  File "/Library/Frameworks/Python.framework/Versions/3.14/lib/python3.14/site-packages/django/template/loader_tags.py", line 235, in do_block
    nodelist = parser.parse(("endblock",))
  File "/Library/Frameworks/Python.framework/Versions/3.14/lib/python3.14/site-packages/django/template/base.py", line 585, in parse
    raise self.error(token, e)
  File "/Library/Frameworks/Python.framework/Versions/3.14/lib/python3.14/site-packages/django/template/base.py", line 583, in parse
    compiled_result = compile_func(self, token)
  File "/Library/Frameworks/Python.framework/Versions/3.14/lib/python3.14/site-packages/django/template/defaulttags.py", line 994, in do_if
    nodelist = parser.parse(("elif", "else", "endif"))
  File "/Library/Frameworks/Python.framework/Versions/3.14/lib/python3.14/site-packages/django/template/base.py", line 579, in parse
    self.invalid_block_tag(token, command, parse_until)
    ~~~~~~~~~~~~~~~~~~~~~~^^^^^^^^^^^^^^^^^^^^^^^^^^^^^
  File "/Library/Frameworks/Python.framework/Versions/3.14/lib/python3.14/site-packages/django/template/base.py", line 634, in invalid_block_tag
    raise self.error(
    ...<8 lines>...
    )
django.template.exceptions.TemplateSyntaxError: Template: /Users/kategorbenko/СТЗweb-пр/LR55/templates/info/about.html, Invalid block tag on line 66: 'endblock', expected 'elif', 'else' or 'endif'. Did you forget to register or load this tag?
ERROR 2026-09-08 11:54:00,572 log Internal Server Error: /about/
Traceback (most recent call last):
  File "/Library/Frameworks/Python.framework/Versions/3.14/lib/python3.14/site-packages/django/template/base.py", line 577, in parse
    compile_func = self.tags[command]
                   ~~~~~~~~~^^^^^^^^^
KeyError: 'endblock'

During handling of the above exception, another exception occurred:

Traceback (most recent call last):
  File "/Library/Frameworks/Python.framework/Versions/3.14/lib/python3.14/site-packages/django/core/handlers/exception.py", line 55, in inner
    response = get_response(request)
  File "/Library/Frameworks/Python.framework/Versions/3.14/lib/python3.14/site-packages/django/core/handlers/base.py", line 198, in _get_response
    response = wrapped_callback(request, *callback_args, **callback_kwargs)
  File "/Users/kategorbenko/СТЗweb-пр/LR55/info/views.py", line 62, in about_view
    return render(request, 'info/about.html', {'company': company})
  File "/Library/Frameworks/Python.framework/Versions/3.14/lib/python3.14/site-packages/django/shortcuts.py", line 25, in render
    content = loader.render_to_string(template_name, context, request, using=using)
  File "/Library/Frameworks/Python.framework/Versions/3.14/lib/python3.14/site-packages/django/template/loader.py", line 61, in render_to_string
    template = get_template(template_name, using=using)
  File "/Library/Frameworks/Python.framework/Versions/3.14/lib/python3.14/site-packages/django/template/loader.py", line 15, in get_template
    return engine.get_template(template_name)
           ~~~~~~~~~~~~~~~~~~~^^^^^^^^^^^^^^^
  File "/Library/Frameworks/Python.framework/Versions/3.14/lib/python3.14/site-packages/django/template/backends/django.py", line 79, in get_template
    return Template(self.engine.get_template(template_name), self)
                    ~~~~~~~~~~~~~~~~~~~~~~~~^^^^^^^^^^^^^^^
  File "/Library/Frameworks/Python.framework/Versions/3.14/lib/python3.14/site-packages/django/template/engine.py", line 186, in get_template
    template, origin = self.find_template(template_name)
                       ~~~~~~~~~~~~~~~~~~^^^^^^^^^^^^^^^
  File "/Library/Frameworks/Python.framework/Versions/3.14/lib/python3.14/site-packages/django/template/engine.py", line 159, in find_template
    template = loader.get_template(name, skip=skip)
  File "/Library/Frameworks/Python.framework/Versions/3.14/lib/python3.14/site-packages/django/template/loaders/cached.py", line 57, in get_template
    template = super().get_template(template_name, skip)
  File "/Library/Frameworks/Python.framework/Versions/3.14/lib/python3.14/site-packages/django/template/loaders/base.py", line 28, in get_template
    return Template(
        contents,
    ...<2 lines>...
        self.engine,
    )
  File "/Library/Frameworks/Python.framework/Versions/3.14/lib/python3.14/site-packages/django/template/base.py", line 157, in __init__
    self.nodelist = self.compile_nodelist()
                    ~~~~~~~~~~~~~~~~~~~~~^^
  File "/Library/Frameworks/Python.framework/Versions/3.14/lib/python3.14/site-packages/django/template/base.py", line 199, in compile_nodelist
    nodelist = parser.parse()
  File "/Library/Frameworks/Python.framework/Versions/3.14/lib/python3.14/site-packages/django/template/base.py", line 585, in parse
    raise self.error(token, e)
  File "/Library/Frameworks/Python.framework/Versions/3.14/lib/python3.14/site-packages/django/template/base.py", line 583, in parse
    compiled_result = compile_func(self, token)
  File "/Library/Frameworks/Python.framework/Versions/3.14/lib/python3.14/site-packages/django/template/loader_tags.py", line 307, in do_extends
    nodelist = parser.parse()
  File "/Library/Frameworks/Python.framework/Versions/3.14/lib/python3.14/site-packages/django/template/base.py", line 585, in parse
    raise self.error(token, e)
  File "/Library/Frameworks/Python.framework/Versions/3.14/lib/python3.14/site-packages/django/template/base.py", line 583, in parse
    compiled_result = compile_func(self, token)
  File "/Library/Frameworks/Python.framework/Versions/3.14/lib/python3.14/site-packages/django/template/loader_tags.py", line 235, in do_block
    nodelist = parser.parse(("endblock",))
  File "/Library/Frameworks/Python.framework/Versions/3.14/lib/python3.14/site-packages/django/template/base.py", line 585, in parse
    raise self.error(token, e)
  File "/Library/Frameworks/Python.framework/Versions/3.14/lib/python3.14/site-packages/django/template/base.py", line 583, in parse
    compiled_result = compile_func(self, token)
  File "/Library/Frameworks/Python.framework/Versions/3.14/lib/python3.14/site-packages/django/template/defaulttags.py", line 994, in do_if
    nodelist = parser.parse(("elif", "else", "endif"))
  File "/Library/Frameworks/Python.framework/Versions/3.14/lib/python3.14/site-packages/django/template/base.py", line 579, in parse
    self.invalid_block_tag(token, command, parse_until)
    ~~~~~~~~~~~~~~~~~~~~~~^^^^^^^^^^^^^^^^^^^^^^^^^^^^^
  File "/Library/Frameworks/Python.framework/Versions/3.14/lib/python3.14/site-packages/django/template/base.py", line 634, in invalid_block_tag
    raise self.error(
    ...<8 lines>...
    )
django.template.exceptions.TemplateSyntaxError: Template: /Users/kategorbenko/СТЗweb-пр/LR55/templates/info/about.html, Invalid block tag on line 66: 'endblock', expected 'elif', 'else' or 'endif'. Did you forget to register or load this tag?
ERROR 2026-09-08 11:54:00,786 log Internal Server Error: /about/
Traceback (most recent call last):
  File "/Library/Frameworks/Python.framework/Versions/3.14/lib/python3.14/site-packages/django/template/base.py", line 577, in parse
    compile_func = self.tags[command]
                   ~~~~~~~~~^^^^^^^^^
KeyError: 'endblock'

During handling of the above exception, another exception occurred:

Traceback (most recent call last):
  File "/Library/Frameworks/Python.framework/Versions/3.14/lib/python3.14/site-packages/django/core/handlers/exception.py", line 55, in inner
    response = get_response(request)
  File "/Library/Frameworks/Python.framework/Versions/3.14/lib/python3.14/site-packages/django/core/handlers/base.py", line 198, in _get_response
    response = wrapped_callback(request, *callback_args, **callback_kwargs)
  File "/Users/kategorbenko/СТЗweb-пр/LR55/info/views.py", line 62, in about_view
    return render(request, 'info/about.html', {'company': company})
  File "/Library/Frameworks/Python.framework/Versions/3.14/lib/python3.14/site-packages/django/shortcuts.py", line 25, in render
    content = loader.render_to_string(template_name, context, request, using=using)
  File "/Library/Frameworks/Python.framework/Versions/3.14/lib/python3.14/site-packages/django/template/loader.py", line 61, in render_to_string
    template = get_template(template_name, using=using)
  File "/Library/Frameworks/Python.framework/Versions/3.14/lib/python3.14/site-packages/django/template/loader.py", line 15, in get_template
    return engine.get_template(template_name)
           ~~~~~~~~~~~~~~~~~~~^^^^^^^^^^^^^^^
  File "/Library/Frameworks/Python.framework/Versions/3.14/lib/python3.14/site-packages/django/template/backends/django.py", line 79, in get_template
    return Template(self.engine.get_template(template_name), self)
                    ~~~~~~~~~~~~~~~~~~~~~~~~^^^^^^^^^^^^^^^
  File "/Library/Frameworks/Python.framework/Versions/3.14/lib/python3.14/site-packages/django/template/engine.py", line 186, in get_template
    template, origin = self.find_template(template_name)
                       ~~~~~~~~~~~~~~~~~~^^^^^^^^^^^^^^^
  File "/Library/Frameworks/Python.framework/Versions/3.14/lib/python3.14/site-packages/django/template/engine.py", line 159, in find_template
    template = loader.get_template(name, skip=skip)
  File "/Library/Frameworks/Python.framework/Versions/3.14/lib/python3.14/site-packages/django/template/loaders/cached.py", line 57, in get_template
    template = super().get_template(template_name, skip)
  File "/Library/Frameworks/Python.framework/Versions/3.14/lib/python3.14/site-packages/django/template/loaders/base.py", line 28, in get_template
    return Template(
        contents,
    ...<2 lines>...
        self.engine,
    )
  File "/Library/Frameworks/Python.framework/Versions/3.14/lib/python3.14/site-packages/django/template/base.py", line 157, in __init__
    self.nodelist = self.compile_nodelist()
                    ~~~~~~~~~~~~~~~~~~~~~^^
  File "/Library/Frameworks/Python.framework/Versions/3.14/lib/python3.14/site-packages/django/template/base.py", line 199, in compile_nodelist
    nodelist = parser.parse()
  File "/Library/Frameworks/Python.framework/Versions/3.14/lib/python3.14/site-packages/django/template/base.py", line 585, in parse
    raise self.error(token, e)
  File "/Library/Frameworks/Python.framework/Versions/3.14/lib/python3.14/site-packages/django/template/base.py", line 583, in parse
    compiled_result = compile_func(self, token)
  File "/Library/Frameworks/Python.framework/Versions/3.14/lib/python3.14/site-packages/django/template/loader_tags.py", line 307, in do_extends
    nodelist = parser.parse()
  File "/Library/Frameworks/Python.framework/Versions/3.14/lib/python3.14/site-packages/django/template/base.py", line 585, in parse
    raise self.error(token, e)
  File "/Library/Frameworks/Python.framework/Versions/3.14/lib/python3.14/site-packages/django/template/base.py", line 583, in parse
    compiled_result = compile_func(self, token)
  File "/Library/Frameworks/Python.framework/Versions/3.14/lib/python3.14/site-packages/django/template/loader_tags.py", line 235, in do_block
    nodelist = parser.parse(("endblock",))
  File "/Library/Frameworks/Python.framework/Versions/3.14/lib/python3.14/site-packages/django/template/base.py", line 585, in parse
    raise self.error(token, e)
  File "/Library/Frameworks/Python.framework/Versions/3.14/lib/python3.14/site-packages/django/template/base.py", line 583, in parse
    compiled_result = compile_func(self, token)
  File "/Library/Frameworks/Python.framework/Versions/3.14/lib/python3.14/site-packages/django/template/defaulttags.py", line 994, in do_if
    nodelist = parser.parse(("elif", "else", "endif"))
  File "/Library/Frameworks/Python.framework/Versions/3.14/lib/python3.14/site-packages/django/template/base.py", line 579, in parse
    self.invalid_block_tag(token, command, parse_until)
    ~~~~~~~~~~~~~~~~~~~~~~^^^^^^^^^^^^^^^^^^^^^^^^^^^^^
  File "/Library/Frameworks/Python.framework/Versions/3.14/lib/python3.14/site-packages/django/template/base.py", line 634, in invalid_block_tag
    raise self.error(
    ...<8 lines>...
    )
django.template.exceptions.TemplateSyntaxError: Template: /Users/kategorbenko/СТЗweb-пр/LR55/templates/info/about.html, Invalid block tag on line 66: 'endblock', expected 'elif', 'else' or 'endif'. Did you forget to register or load this tag?
ERROR 2026-09-08 11:54:01,009 log Internal Server Error: /about/
Traceback (most recent call last):
  File "/Library/Frameworks/Python.framework/Versions/3.14/lib/python3.14/site-packages/django/template/base.py", line 577, in parse
    compile_func = self.tags[command]
                   ~~~~~~~~~^^^^^^^^^
KeyError: 'endblock'

During handling of the above exception, another exception occurred:

Traceback (most recent call last):
  File "/Library/Frameworks/Python.framework/Versions/3.14/lib/python3.14/site-packages/django/core/handlers/exception.py", line 55, in inner
    response = get_response(request)
  File "/Library/Frameworks/Python.framework/Versions/3.14/lib/python3.14/site-packages/django/core/handlers/base.py", line 198, in _get_response
    response = wrapped_callback(request, *callback_args, **callback_kwargs)
  File "/Users/kategorbenko/СТЗweb-пр/LR55/info/views.py", line 62, in about_view
    return render(request, 'info/about.html', {'company': company})
  File "/Library/Frameworks/Python.framework/Versions/3.14/lib/python3.14/site-packages/django/shortcuts.py", line 25, in render
    content = loader.render_to_string(template_name, context, request, using=using)
  File "/Library/Frameworks/Python.framework/Versions/3.14/lib/python3.14/site-packages/django/template/loader.py", line 61, in render_to_string
    template = get_template(template_name, using=using)
  File "/Library/Frameworks/Python.framework/Versions/3.14/lib/python3.14/site-packages/django/template/loader.py", line 15, in get_template
    return engine.get_template(template_name)
           ~~~~~~~~~~~~~~~~~~~^^^^^^^^^^^^^^^
  File "/Library/Frameworks/Python.framework/Versions/3.14/lib/python3.14/site-packages/django/template/backends/django.py", line 79, in get_template
    return Template(self.engine.get_template(template_name), self)
                    ~~~~~~~~~~~~~~~~~~~~~~~~^^^^^^^^^^^^^^^
  File "/Library/Frameworks/Python.framework/Versions/3.14/lib/python3.14/site-packages/django/template/engine.py", line 186, in get_template
    template, origin = self.find_template(template_name)
                       ~~~~~~~~~~~~~~~~~~^^^^^^^^^^^^^^^
  File "/Library/Frameworks/Python.framework/Versions/3.14/lib/python3.14/site-packages/django/template/engine.py", line 159, in find_template
    template = loader.get_template(name, skip=skip)
  File "/Library/Frameworks/Python.framework/Versions/3.14/lib/python3.14/site-packages/django/template/loaders/cached.py", line 57, in get_template
    template = super().get_template(template_name, skip)
  File "/Library/Frameworks/Python.framework/Versions/3.14/lib/python3.14/site-packages/django/template/loaders/base.py", line 28, in get_template
    return Template(
        contents,
    ...<2 lines>...
        self.engine,
    )
  File "/Library/Frameworks/Python.framework/Versions/3.14/lib/python3.14/site-packages/django/template/base.py", line 157, in __init__
    self.nodelist = self.compile_nodelist()
                    ~~~~~~~~~~~~~~~~~~~~~^^
  File "/Library/Frameworks/Python.framework/Versions/3.14/lib/python3.14/site-packages/django/template/base.py", line 199, in compile_nodelist
    nodelist = parser.parse()
  File "/Library/Frameworks/Python.framework/Versions/3.14/lib/python3.14/site-packages/django/template/base.py", line 585, in parse
    raise self.error(token, e)
  File "/Library/Frameworks/Python.framework/Versions/3.14/lib/python3.14/site-packages/django/template/base.py", line 583, in parse
    compiled_result = compile_func(self, token)
  File "/Library/Frameworks/Python.framework/Versions/3.14/lib/python3.14/site-packages/django/template/loader_tags.py", line 307, in do_extends
    nodelist = parser.parse()
  File "/Library/Frameworks/Python.framework/Versions/3.14/lib/python3.14/site-packages/django/template/base.py", line 585, in parse
    raise self.error(token, e)
  File "/Library/Frameworks/Python.framework/Versions/3.14/lib/python3.14/site-packages/django/template/base.py", line 583, in parse
    compiled_result = compile_func(self, token)
  File "/Library/Frameworks/Python.framework/Versions/3.14/lib/python3.14/site-packages/django/template/loader_tags.py", line 235, in do_block
    nodelist = parser.parse(("endblock",))
  File "/Library/Frameworks/Python.framework/Versions/3.14/lib/python3.14/site-packages/django/template/base.py", line 585, in parse
    raise self.error(token, e)
  File "/Library/Frameworks/Python.framework/Versions/3.14/lib/python3.14/site-packages/django/template/base.py", line 583, in parse
    compiled_result = compile_func(self, token)
  File "/Library/Frameworks/Python.framework/Versions/3.14/lib/python3.14/site-packages/django/template/defaulttags.py", line 994, in do_if
    nodelist = parser.parse(("elif", "else", "endif"))
  File "/Library/Frameworks/Python.framework/Versions/3.14/lib/python3.14/site-packages/django/template/base.py", line 579, in parse
    self.invalid_block_tag(token, command, parse_until)
    ~~~~~~~~~~~~~~~~~~~~~~^^^^^^^^^^^^^^^^^^^^^^^^^^^^^
  File "/Library/Frameworks/Python.framework/Versions/3.14/lib/python3.14/site-packages/django/template/base.py", line 634, in invalid_block_tag
    raise self.error(
    ...<8 lines>...
    )
django.template.exceptions.TemplateSyntaxError: Template: /Users/kategorbenko/СТЗweb-пр/LR55/templates/info/about.html, Invalid block tag on line 66: 'endblock', expected 'elif', 'else' or 'endif'. Did you forget to register or load this tag?
WARNING 2026-09-08 11:54:04,303 log Not Found: /apple-touch-icon-precomposed.png
WARNING 2026-09-08 11:54:04,305 log Not Found: /apple-touch-icon.png
WARNING 2026-09-08 11:54:04,307 log Not Found: /favicon.ico
WARNING 2026-09-08 11:54:04,862 log Not Found: /apple-touch-icon-precomposed.png
WARNING 2026-09-08 11:54:04,866 log Not Found: /apple-touch-icon.png
WARNING 2026-09-08 11:54:04,868 log Not Found: /favicon.ico
ERROR 2026-09-08 11:54:04,883 log Internal Server Error: /about/
Traceback (most recent call last):
  File "/Library/Frameworks/Python.framework/Versions/3.14/lib/python3.14/site-packages/django/template/base.py", line 577, in parse
    compile_func = self.tags[command]
                   ~~~~~~~~~^^^^^^^^^
KeyError: 'endblock'

During handling of the above exception, another exception occurred:

Traceback (most recent call last):
  File "/Library/Frameworks/Python.framework/Versions/3.14/lib/python3.14/site-packages/django/core/handlers/exception.py", line 55, in inner
    response = get_response(request)
  File "/Library/Frameworks/Python.framework/Versions/3.14/lib/python3.14/site-packages/django/core/handlers/base.py", line 198, in _get_response
    response = wrapped_callback(request, *callback_args, **callback_kwargs)
  File "/Users/kategorbenko/СТЗweb-пр/LR55/info/views.py", line 62, in about_view
    return render(request, 'info/about.html', {'company': company})
  File "/Library/Frameworks/Python.framework/Versions/3.14/lib/python3.14/site-packages/django/shortcuts.py", line 25, in render
    content = loader.render_to_string(template_name, context, request, using=using)
  File "/Library/Frameworks/Python.framework/Versions/3.14/lib/python3.14/site-packages/django/template/loader.py", line 61, in render_to_string
    template = get_template(template_name, using=using)
  File "/Library/Frameworks/Python.framework/Versions/3.14/lib/python3.14/site-packages/django/template/loader.py", line 15, in get_template
    return engine.get_template(template_name)
           ~~~~~~~~~~~~~~~~~~~^^^^^^^^^^^^^^^
  File "/Library/Frameworks/Python.framework/Versions/3.14/lib/python3.14/site-packages/django/template/backends/django.py", line 79, in get_template
    return Template(self.engine.get_template(template_name), self)
                    ~~~~~~~~~~~~~~~~~~~~~~~~^^^^^^^^^^^^^^^
  File "/Library/Frameworks/Python.framework/Versions/3.14/lib/python3.14/site-packages/django/template/engine.py", line 186, in get_template
    template, origin = self.find_template(template_name)
                       ~~~~~~~~~~~~~~~~~~^^^^^^^^^^^^^^^
  File "/Library/Frameworks/Python.framework/Versions/3.14/lib/python3.14/site-packages/django/template/engine.py", line 159, in find_template
    template = loader.get_template(name, skip=skip)
  File "/Library/Frameworks/Python.framework/Versions/3.14/lib/python3.14/site-packages/django/template/loaders/cached.py", line 57, in get_template
    template = super().get_template(template_name, skip)
  File "/Library/Frameworks/Python.framework/Versions/3.14/lib/python3.14/site-packages/django/template/loaders/base.py", line 28, in get_template
    return Template(
        contents,
    ...<2 lines>...
        self.engine,
    )
  File "/Library/Frameworks/Python.framework/Versions/3.14/lib/python3.14/site-packages/django/template/base.py", line 157, in __init__
    self.nodelist = self.compile_nodelist()
                    ~~~~~~~~~~~~~~~~~~~~~^^
  File "/Library/Frameworks/Python.framework/Versions/3.14/lib/python3.14/site-packages/django/template/base.py", line 199, in compile_nodelist
    nodelist = parser.parse()
  File "/Library/Frameworks/Python.framework/Versions/3.14/lib/python3.14/site-packages/django/template/base.py", line 585, in parse
    raise self.error(token, e)
  File "/Library/Frameworks/Python.framework/Versions/3.14/lib/python3.14/site-packages/django/template/base.py", line 583, in parse
    compiled_result = compile_func(self, token)
  File "/Library/Frameworks/Python.framework/Versions/3.14/lib/python3.14/site-packages/django/template/loader_tags.py", line 307, in do_extends
    nodelist = parser.parse()
  File "/Library/Frameworks/Python.framework/Versions/3.14/lib/python3.14/site-packages/django/template/base.py", line 585, in parse
    raise self.error(token, e)
  File "/Library/Frameworks/Python.framework/Versions/3.14/lib/python3.14/site-packages/django/template/base.py", line 583, in parse
    compiled_result = compile_func(self, token)
  File "/Library/Frameworks/Python.framework/Versions/3.14/lib/python3.14/site-packages/django/template/loader_tags.py", line 235, in do_block
    nodelist = parser.parse(("endblock",))
  File "/Library/Frameworks/Python.framework/Versions/3.14/lib/python3.14/site-packages/django/template/base.py", line 585, in parse
    raise self.error(token, e)
  File "/Library/Frameworks/Python.framework/Versions/3.14/lib/python3.14/site-packages/django/template/base.py", line 583, in parse
    compiled_result = compile_func(self, token)
  File "/Library/Frameworks/Python.framework/Versions/3.14/lib/python3.14/site-packages/django/template/defaulttags.py", line 994, in do_if
    nodelist = parser.parse(("elif", "else", "endif"))
  File "/Library/Frameworks/Python.framework/Versions/3.14/lib/python3.14/site-packages/django/template/base.py", line 579, in parse
    self.invalid_block_tag(token, command, parse_until)
    ~~~~~~~~~~~~~~~~~~~~~~^^^^^^^^^^^^^^^^^^^^^^^^^^^^^
  File "/Library/Frameworks/Python.framework/Versions/3.14/lib/python3.14/site-packages/django/template/base.py", line 634, in invalid_block_tag
    raise self.error(
    ...<8 lines>...
    )
django.template.exceptions.TemplateSyntaxError: Template: /Users/kategorbenko/СТЗweb-пр/LR55/templates/info/about.html, Invalid block tag on line 66: 'endblock', expected 'elif', 'else' or 'endif'. Did you forget to register or load this tag?
ERROR 2026-09-08 11:54:05,255 log Internal Server Error: /about/
Traceback (most recent call last):
  File "/Library/Frameworks/Python.framework/Versions/3.14/lib/python3.14/site-packages/django/template/base.py", line 577, in parse
    compile_func = self.tags[command]
                   ~~~~~~~~~^^^^^^^^^
KeyError: 'endblock'

During handling of the above exception, another exception occurred:

Traceback (most recent call last):
  File "/Library/Frameworks/Python.framework/Versions/3.14/lib/python3.14/site-packages/django/core/handlers/exception.py", line 55, in inner
    response = get_response(request)
  File "/Library/Frameworks/Python.framework/Versions/3.14/lib/python3.14/site-packages/django/core/handlers/base.py", line 198, in _get_response
    response = wrapped_callback(request, *callback_args, **callback_kwargs)
  File "/Users/kategorbenko/СТЗweb-пр/LR55/info/views.py", line 62, in about_view
    return render(request, 'info/about.html', {'company': company})
  File "/Library/Frameworks/Python.framework/Versions/3.14/lib/python3.14/site-packages/django/shortcuts.py", line 25, in render
    content = loader.render_to_string(template_name, context, request, using=using)
  File "/Library/Frameworks/Python.framework/Versions/3.14/lib/python3.14/site-packages/django/template/loader.py", line 61, in render_to_string
    template = get_template(template_name, using=using)
  File "/Library/Frameworks/Python.framework/Versions/3.14/lib/python3.14/site-packages/django/template/loader.py", line 15, in get_template
    return engine.get_template(template_name)
           ~~~~~~~~~~~~~~~~~~~^^^^^^^^^^^^^^^
  File "/Library/Frameworks/Python.framework/Versions/3.14/lib/python3.14/site-packages/django/template/backends/django.py", line 79, in get_template
    return Template(self.engine.get_template(template_name), self)
                    ~~~~~~~~~~~~~~~~~~~~~~~~^^^^^^^^^^^^^^^
  File "/Library/Frameworks/Python.framework/Versions/3.14/lib/python3.14/site-packages/django/template/engine.py", line 186, in get_template
    template, origin = self.find_template(template_name)
                       ~~~~~~~~~~~~~~~~~~^^^^^^^^^^^^^^^
  File "/Library/Frameworks/Python.framework/Versions/3.14/lib/python3.14/site-packages/django/template/engine.py", line 159, in find_template
    template = loader.get_template(name, skip=skip)
  File "/Library/Frameworks/Python.framework/Versions/3.14/lib/python3.14/site-packages/django/template/loaders/cached.py", line 57, in get_template
    template = super().get_template(template_name, skip)
  File "/Library/Frameworks/Python.framework/Versions/3.14/lib/python3.14/site-packages/django/template/loaders/base.py", line 28, in get_template
    return Template(
        contents,
    ...<2 lines>...
        self.engine,
    )
  File "/Library/Frameworks/Python.framework/Versions/3.14/lib/python3.14/site-packages/django/template/base.py", line 157, in __init__
    self.nodelist = self.compile_nodelist()
                    ~~~~~~~~~~~~~~~~~~~~~^^
  File "/Library/Frameworks/Python.framework/Versions/3.14/lib/python3.14/site-packages/django/template/base.py", line 199, in compile_nodelist
    nodelist = parser.parse()
  File "/Library/Frameworks/Python.framework/Versions/3.14/lib/python3.14/site-packages/django/template/base.py", line 585, in parse
    raise self.error(token, e)
  File "/Library/Frameworks/Python.framework/Versions/3.14/lib/python3.14/site-packages/django/template/base.py", line 583, in parse
    compiled_result = compile_func(self, token)
  File "/Library/Frameworks/Python.framework/Versions/3.14/lib/python3.14/site-packages/django/template/loader_tags.py", line 307, in do_extends
    nodelist = parser.parse()
  File "/Library/Frameworks/Python.framework/Versions/3.14/lib/python3.14/site-packages/django/template/base.py", line 585, in parse
    raise self.error(token, e)
  File "/Library/Frameworks/Python.framework/Versions/3.14/lib/python3.14/site-packages/django/template/base.py", line 583, in parse
    compiled_result = compile_func(self, token)
  File "/Library/Frameworks/Python.framework/Versions/3.14/lib/python3.14/site-packages/django/template/loader_tags.py", line 235, in do_block
    nodelist = parser.parse(("endblock",))
  File "/Library/Frameworks/Python.framework/Versions/3.14/lib/python3.14/site-packages/django/template/base.py", line 585, in parse
    raise self.error(token, e)
  File "/Library/Frameworks/Python.framework/Versions/3.14/lib/python3.14/site-packages/django/template/base.py", line 583, in parse
    compiled_result = compile_func(self, token)
  File "/Library/Frameworks/Python.framework/Versions/3.14/lib/python3.14/site-packages/django/template/defaulttags.py", line 994, in do_if
    nodelist = parser.parse(("elif", "else", "endif"))
  File "/Library/Frameworks/Python.framework/Versions/3.14/lib/python3.14/site-packages/django/template/base.py", line 579, in parse
    self.invalid_block_tag(token, command, parse_until)
    ~~~~~~~~~~~~~~~~~~~~~~^^^^^^^^^^^^^^^^^^^^^^^^^^^^^
  File "/Library/Frameworks/Python.framework/Versions/3.14/lib/python3.14/site-packages/django/template/base.py", line 634, in invalid_block_tag
    raise self.error(
    ...<8 lines>...
    )
django.template.exceptions.TemplateSyntaxError: Template: /Users/kategorbenko/СТЗweb-пр/LR55/templates/info/about.html, Invalid block tag on line 66: 'endblock', expected 'elif', 'else' or 'endif'. Did you forget to register or load this tag?
WARNING 2026-09-08 11:54:05,383 log Not Found: /apple-touch-icon-precomposed.png
WARNING 2026-09-08 11:54:05,385 log Not Found: /apple-touch-icon.png
WARNING 2026-09-08 11:54:05,386 log Not Found: /favicon.ico
INFO 2026-09-08 11:58:04,011 autoreload Watching for file changes with StatReloader
ERROR 2026-09-08 11:58:06,599 log Internal Server Error: /about/
Traceback (most recent call last):
  File "/Library/Frameworks/Python.framework/Versions/3.14/lib/python3.14/site-packages/django/template/base.py", line 577, in parse
    compile_func = self.tags[command]
                   ~~~~~~~~~^^^^^^^^^
KeyError: 'endblock'

During handling of the above exception, another exception occurred:

Traceback (most recent call last):
  File "/Library/Frameworks/Python.framework/Versions/3.14/lib/python3.14/site-packages/django/core/handlers/exception.py", line 55, in inner
    response = get_response(request)
  File "/Library/Frameworks/Python.framework/Versions/3.14/lib/python3.14/site-packages/django/core/handlers/base.py", line 198, in _get_response
    response = wrapped_callback(request, *callback_args, **callback_kwargs)
  File "/Users/kategorbenko/СТЗweb-пр/LR55/info/views.py", line 62, in about_view
    return render(request, 'info/about.html', {'company': company})
  File "/Library/Frameworks/Python.framework/Versions/3.14/lib/python3.14/site-packages/django/shortcuts.py", line 25, in render
    content = loader.render_to_string(template_name, context, request, using=using)
  File "/Library/Frameworks/Python.framework/Versions/3.14/lib/python3.14/site-packages/django/template/loader.py", line 61, in render_to_string
    template = get_template(template_name, using=using)
  File "/Library/Frameworks/Python.framework/Versions/3.14/lib/python3.14/site-packages/django/template/loader.py", line 15, in get_template
    return engine.get_template(template_name)
           ~~~~~~~~~~~~~~~~~~~^^^^^^^^^^^^^^^
  File "/Library/Frameworks/Python.framework/Versions/3.14/lib/python3.14/site-packages/django/template/backends/django.py", line 79, in get_template
    return Template(self.engine.get_template(template_name), self)
                    ~~~~~~~~~~~~~~~~~~~~~~~~^^^^^^^^^^^^^^^
  File "/Library/Frameworks/Python.framework/Versions/3.14/lib/python3.14/site-packages/django/template/engine.py", line 186, in get_template
    template, origin = self.find_template(template_name)
                       ~~~~~~~~~~~~~~~~~~^^^^^^^^^^^^^^^
  File "/Library/Frameworks/Python.framework/Versions/3.14/lib/python3.14/site-packages/django/template/engine.py", line 159, in find_template
    template = loader.get_template(name, skip=skip)
  File "/Library/Frameworks/Python.framework/Versions/3.14/lib/python3.14/site-packages/django/template/loaders/cached.py", line 57, in get_template
    template = super().get_template(template_name, skip)
  File "/Library/Frameworks/Python.framework/Versions/3.14/lib/python3.14/site-packages/django/template/loaders/base.py", line 28, in get_template
    return Template(
        contents,
    ...<2 lines>...
        self.engine,
    )
  File "/Library/Frameworks/Python.framework/Versions/3.14/lib/python3.14/site-packages/django/template/base.py", line 157, in __init__
    self.nodelist = self.compile_nodelist()
                    ~~~~~~~~~~~~~~~~~~~~~^^
  File "/Library/Frameworks/Python.framework/Versions/3.14/lib/python3.14/site-packages/django/template/base.py", line 199, in compile_nodelist
    nodelist = parser.parse()
  File "/Library/Frameworks/Python.framework/Versions/3.14/lib/python3.14/site-packages/django/template/base.py", line 585, in parse
    raise self.error(token, e)
  File "/Library/Frameworks/Python.framework/Versions/3.14/lib/python3.14/site-packages/django/template/base.py", line 583, in parse
    compiled_result = compile_func(self, token)
  File "/Library/Frameworks/Python.framework/Versions/3.14/lib/python3.14/site-packages/django/template/loader_tags.py", line 307, in do_extends
    nodelist = parser.parse()
  File "/Library/Frameworks/Python.framework/Versions/3.14/lib/python3.14/site-packages/django/template/base.py", line 585, in parse
    raise self.error(token, e)
  File "/Library/Frameworks/Python.framework/Versions/3.14/lib/python3.14/site-packages/django/template/base.py", line 583, in parse
    compiled_result = compile_func(self, token)
  File "/Library/Frameworks/Python.framework/Versions/3.14/lib/python3.14/site-packages/django/template/loader_tags.py", line 235, in do_block
    nodelist = parser.parse(("endblock",))
  File "/Library/Frameworks/Python.framework/Versions/3.14/lib/python3.14/site-packages/django/template/base.py", line 585, in parse
    raise self.error(token, e)
  File "/Library/Frameworks/Python.framework/Versions/3.14/lib/python3.14/site-packages/django/template/base.py", line 583, in parse
    compiled_result = compile_func(self, token)
  File "/Library/Frameworks/Python.framework/Versions/3.14/lib/python3.14/site-packages/django/template/defaulttags.py", line 994, in do_if
    nodelist = parser.parse(("elif", "else", "endif"))
  File "/Library/Frameworks/Python.framework/Versions/3.14/lib/python3.14/site-packages/django/template/base.py", line 579, in parse
    self.invalid_block_tag(token, command, parse_until)
    ~~~~~~~~~~~~~~~~~~~~~~^^^^^^^^^^^^^^^^^^^^^^^^^^^^^
  File "/Library/Frameworks/Python.framework/Versions/3.14/lib/python3.14/site-packages/django/template/base.py", line 634, in invalid_block_tag
    raise self.error(
    ...<8 lines>...
    )
django.template.exceptions.TemplateSyntaxError: Template: /Users/kategorbenko/СТЗweb-пр/LR55/templates/info/about.html, Invalid block tag on line 63: 'endblock', expected 'elif', 'else' or 'endif'. Did you forget to register or load this tag?
INFO 2026-09-08 11:59:42,962 autoreload Watching for file changes with StatReloader
INFO 2026-09-08 12:10:11,431 autoreload Watching for file changes with StatReloader
WARNING 2026-09-08 13:38:13,410 log Not Found: /apple-touch-icon.png
WARNING 2026-09-08 13:38:13,411 log Not Found: /favicon.ico
WARNING 2026-09-08 13:38:13,413 log Not Found: /apple-touch-icon-precomposed.png
WARNING 2026-09-08 13:38:14,302 log Not Found: /favicon.ico
INFO 2026-09-08 13:51:47,555 autoreload Watching for file changes with StatReloader
INFO 2026-09-08 13:51:57,151 views Пользователь kate успешно вошел в систему.
INFO 2026-09-08 13:53:34,944 autoreload Watching for file changes with StatReloader
WARNING 2026-09-08 13:55:48,687 log Not Found: /media/contacts/default.jpg
WARNING 2026-09-08 14:04:26,346 log Not Found: /media/contacts/default.jpg
WARNING 2026-09-08 14:06:35,135 log Not Found: /media/contacts/default.jpg
INFO 2026-09-08 14:23:08,370 autoreload Watching for file changes with StatReloader
WARNING 2026-09-08 14:25:45,918 log Not Found: /media/contacts/default.jpg
WARNING 2026-09-08 14:40:49,948 log Not Found: /media/news/4.jpg
WARNING 2026-09-08 14:40:49,951 log Not Found: /media/news/5.jpg
WARNING 2026-09-08 14:40:49,957 log Not Found: /media/news/6.jpg
WARNING 2026-09-08 14:40:49,961 log Not Found: /media/news/7.jpg
WARNING 2026-09-08 14:40:49,979 log Not Found: /media/news/10.jpg
WARNING 2026-09-08 14:40:49,980 log Not Found: /media/news/8.jpg
WARNING 2026-09-08 14:40:49,980 log Not Found: /media/news/9.jpg
INFO 2026-09-08 14:42:59,058 autoreload Watching for file changes with StatReloader
INFO 2026-09-08 14:48:15,056 views Пользователь kate успешно вошел в систему.
ERROR 2026-09-08 14:57:13,809 log Internal Server Error: /reviews/
Traceback (most recent call last):
  File "/Library/Frameworks/Python.framework/Versions/3.14/lib/python3.14/site-packages/django/core/handlers/exception.py", line 55, in inner
    response = get_response(request)
  File "/Library/Frameworks/Python.framework/Versions/3.14/lib/python3.14/site-packages/django/core/handlers/base.py", line 198, in _get_response
    response = wrapped_callback(request, *callback_args, **callback_kwargs)
  File "/Users/kategorbenko/СТЗweb-пр/LR55/info/views.py", line 120, in reviews_view
    return render(request, 'info/reviews.html', {
        'reviews': reviews,
        'products': products,
        'open_form': open_form,
    })
  File "/Library/Frameworks/Python.framework/Versions/3.14/lib/python3.14/site-packages/django/shortcuts.py", line 25, in render
    content = loader.render_to_string(template_name, context, request, using=using)
  File "/Library/Frameworks/Python.framework/Versions/3.14/lib/python3.14/site-packages/django/template/loader.py", line 61, in render_to_string
    template = get_template(template_name, using=using)
  File "/Library/Frameworks/Python.framework/Versions/3.14/lib/python3.14/site-packages/django/template/loader.py", line 15, in get_template
    return engine.get_template(template_name)
           ~~~~~~~~~~~~~~~~~~~^^^^^^^^^^^^^^^
  File "/Library/Frameworks/Python.framework/Versions/3.14/lib/python3.14/site-packages/django/template/backends/django.py", line 79, in get_template
    return Template(self.engine.get_template(template_name), self)
                    ~~~~~~~~~~~~~~~~~~~~~~~~^^^^^^^^^^^^^^^
  File "/Library/Frameworks/Python.framework/Versions/3.14/lib/python3.14/site-packages/django/template/engine.py", line 186, in get_template
    template, origin = self.find_template(template_name)
                       ~~~~~~~~~~~~~~~~~~^^^^^^^^^^^^^^^
  File "/Library/Frameworks/Python.framework/Versions/3.14/lib/python3.14/site-packages/django/template/engine.py", line 159, in find_template
    template = loader.get_template(name, skip=skip)
  File "/Library/Frameworks/Python.framework/Versions/3.14/lib/python3.14/site-packages/django/template/loaders/cached.py", line 57, in get_template
    template = super().get_template(template_name, skip)
  File "/Library/Frameworks/Python.framework/Versions/3.14/lib/python3.14/site-packages/django/template/loaders/base.py", line 28, in get_template
    return Template(
        contents,
    ...<2 lines>...
        self.engine,
    )
  File "/Library/Frameworks/Python.framework/Versions/3.14/lib/python3.14/site-packages/django/template/base.py", line 157, in __init__
    self.nodelist = self.compile_nodelist()
                    ~~~~~~~~~~~~~~~~~~~~~^^
  File "/Library/Frameworks/Python.framework/Versions/3.14/lib/python3.14/site-packages/django/template/base.py", line 199, in compile_nodelist
    nodelist = parser.parse()
  File "/Library/Frameworks/Python.framework/Versions/3.14/lib/python3.14/site-packages/django/template/base.py", line 585, in parse
    raise self.error(token, e)
  File "/Library/Frameworks/Python.framework/Versions/3.14/lib/python3.14/site-packages/django/template/base.py", line 583, in parse
    compiled_result = compile_func(self, token)
  File "/Library/Frameworks/Python.framework/Versions/3.14/lib/python3.14/site-packages/django/template/loader_tags.py", line 307, in do_extends
    nodelist = parser.parse()
  File "/Library/Frameworks/Python.framework/Versions/3.14/lib/python3.14/site-packages/django/template/base.py", line 585, in parse
    raise self.error(token, e)
  File "/Library/Frameworks/Python.framework/Versions/3.14/lib/python3.14/site-packages/django/template/base.py", line 583, in parse
    compiled_result = compile_func(self, token)
  File "/Library/Frameworks/Python.framework/Versions/3.14/lib/python3.14/site-packages/django/template/loader_tags.py", line 235, in do_block
    nodelist = parser.parse(("endblock",))
  File "/Library/Frameworks/Python.framework/Versions/3.14/lib/python3.14/site-packages/django/template/base.py", line 590, in parse
    self.unclosed_block_tag(parse_until)
    ~~~~~~~~~~~~~~~~~~~~~~~^^^^^^^^^^^^^
  File "/Library/Frameworks/Python.framework/Versions/3.14/lib/python3.14/site-packages/django/template/base.py", line 657, in unclosed_block_tag
    raise self.error(token, msg)
django.template.exceptions.TemplateSyntaxError: Template: /Users/kategorbenko/СТЗweb-пр/LR55/templates/info/reviews.html, Unclosed tag on line 5: 'block'. Looking for one of: endblock.
INFO 2026-09-08 14:59:10,908 autoreload Watching for file changes with StatReloader
INFO 2026-09-08 15:01:25,692 autoreload Watching for file changes with StatReloader
INFO 2026-09-08 15:01:33,250 autoreload Watching for file changes with StatReloader
INFO 2026-09-08 15:01:49,227 views Пользователь kate успешно вошел в систему.
INFO 2026-09-08 15:02:11,558 views Пользователь kate (Сотрудник) оставил отзыв на странице /reviews/
WARNING 2026-09-08 15:04:33,738 log Not Found: /media/contacts/default.jpg
INFO 2026-09-08 15:04:46,814 autoreload Watching for file changes with StatReloader
WARNING 2026-09-08 15:04:49,403 log Not Found: /media/contacts/default.jpg
WARNING 2026-09-08 15:05:03,288 log Not Found: /media/contacts/default.jpg
WARNING 2026-09-08 15:05:50,698 log Not Found: /media/contacts/default.jpg
WARNING 2026-09-08 15:06:50,062 log Not Found: /media/contacts/default.jpg
WARNING 2026-09-08 15:07:08,881 log Not Found: /media/contacts/default.jpg
INFO 2026-09-08 15:11:09,603 autoreload Watching for file changes with StatReloader
WARNING 2026-09-08 15:11:12,998 log Not Found: /media/contacts/default.jpg
WARNING 2026-09-08 15:16:00,782 log Not Found: /media/contacts/default.jpg
INFO 2026-09-08 15:16:08,335 views Администратор kate открыл страницу аналитики
INFO 2026-09-08 15:16:08,376 category Using categorical units to plot a list of strings that are all parsable as floats or dates. If these strings should be plotted as numbers, cast to the appropriate data type before plotting.
INFO 2026-09-08 15:16:08,378 category Using categorical units to plot a list of strings that are all parsable as floats or dates. If these strings should be plotted as numbers, cast to the appropriate data type before plotting.
INFO 2026-09-08 15:16:08,379 category Using categorical units to plot a list of strings that are all parsable as floats or dates. If these strings should be plotted as numbers, cast to the appropriate data type before plotting.
INFO 2026-09-08 15:16:08,379 category Using categorical units to plot a list of strings that are all parsable as floats or dates. If these strings should be plotted as numbers, cast to the appropriate data type before plotting.
WARNING 2026-09-08 15:16:28,846 log Not Found: /media/contacts/default.jpg
WARNING 2026-09-08 15:16:34,630 log Not Found: /media/contacts/default.jpg
INFO 2026-09-08 15:19:44,223 autoreload Watching for file changes with StatReloader
WARNING 2026-09-08 15:19:47,260 log Not Found: /media/contacts/default.jpg
WARNING 2026-09-08 15:21:57,472 log Not Found: /media/contacts/default.jpg
INFO 2026-09-08 15:23:40,876 autoreload Watching for file changes with StatReloader
WARNING 2026-09-08 15:23:47,731 log Not Found: /media/contacts/default.jpg
WARNING 2026-09-08 15:24:15,398 log Not Found: /media/contacts/default.jpg
WARNING 2026-09-08 15:24:18,664 log Not Found: /media/contacts/default.jpg
INFO 2026-09-08 15:27:32,238 autoreload Watching for file changes with StatReloader
INFO 2026-09-08 15:49:07,757 autoreload Watching for file changes with StatReloader
WARNING 2026-09-08 15:49:10,647 log Not Found: /media/news/4.jpg
WARNING 2026-09-08 15:49:10,649 log Not Found: /media/news/5.jpg
WARNING 2026-09-08 15:49:10,651 log Not Found: /media/news/6.jpg
WARNING 2026-09-08 15:49:10,659 log Not Found: /media/news/7.jpg
WARNING 2026-09-08 15:49:10,660 log Not Found: /media/news/8.jpg
WARNING 2026-09-08 15:49:10,666 log Not Found: /media/news/9.jpg
WARNING 2026-09-08 15:49:11,344 log Not Found: /media/news/10.jpg
WARNING 2026-09-08 15:49:20,515 log Not Found: /media/news/4.jpg
WARNING 2026-09-08 15:49:20,518 log Not Found: /media/news/5.jpg
WARNING 2026-09-08 15:49:20,517 log Not Found: /media/news/6.jpg
WARNING 2026-09-08 15:49:20,526 log Not Found: /media/news/8.jpg
WARNING 2026-09-08 15:49:20,527 log Not Found: /media/news/7.jpg
WARNING 2026-09-08 15:49:20,533 log Not Found: /media/news/9.jpg
WARNING 2026-09-08 15:49:51,197 log Not Found: /media/news/4.jpg
WARNING 2026-09-08 15:49:51,201 log Not Found: /media/news/5.jpg
WARNING 2026-09-08 15:49:51,199 log Not Found: /media/news/6.jpg
WARNING 2026-09-08 15:49:51,213 log Not Found: /media/news/8.jpg
WARNING 2026-09-08 15:49:51,214 log Not Found: /media/news/7.jpg
WARNING 2026-09-08 15:49:51,220 log Not Found: /media/news/9.jpg
WARNING 2026-09-08 15:49:51,875 log Not Found: /media/news/10.jpg
WARNING 2026-09-08 15:50:00,861 log Not Found: /media/news/4.jpg
WARNING 2026-09-08 15:50:00,863 log Not Found: /media/news/6.jpg
WARNING 2026-09-08 15:50:00,865 log Not Found: /media/news/5.jpg
WARNING 2026-09-08 15:50:00,875 log Not Found: /media/news/7.jpg
WARNING 2026-09-08 15:50:00,876 log Not Found: /media/news/8.jpg
WARNING 2026-09-08 15:50:00,882 log Not Found: /media/news/9.jpg
INFO 2026-09-08 16:16:03,673 autoreload /Users/kategorbenko/СТЗweb-пр/LR55/orders/urls.py changed, reloading.
INFO 2026-09-08 16:16:03,982 autoreload Watching for file changes with StatReloader
INFO 2026-09-08 16:16:05,267 autoreload /Users/kategorbenko/СТЗweb-пр/LR55/orders/urls.py changed, reloading.
INFO 2026-09-08 16:16:05,452 autoreload Watching for file changes with StatReloader
INFO 2026-09-08 16:16:07,678 autoreload /Users/kategorbenko/СТЗweb-пр/LR55/orders/urls.py changed, reloading.
INFO 2026-09-08 16:16:07,933 autoreload Watching for file changes with StatReloader
INFO 2026-09-08 16:16:14,258 autoreload /Users/kategorbenko/СТЗweb-пр/LR55/orders/urls.py changed, reloading.
INFO 2026-09-08 16:16:14,506 autoreload Watching for file changes with StatReloader
INFO 2026-09-08 16:16:25,873 autoreload /Users/kategorbenko/СТЗweb-пр/LR55/orders/urls.py changed, reloading.
INFO 2026-09-08 16:16:26,104 autoreload Watching for file changes with StatReloader
INFO 2026-09-08 16:18:06,726 autoreload /Users/kategorbenko/СТЗweb-пр/LR55/orders/views.py changed, reloading.
INFO 2026-09-08 16:18:06,934 autoreload Watching for file changes with StatReloader
INFO 2026-09-08 16:18:26,357 autoreload /Users/kategorbenko/СТЗweb-пр/LR55/orders/views.py changed, reloading.
INFO 2026-09-08 16:18:26,563 autoreload Watching for file changes with StatReloader
INFO 2026-09-08 16:19:02,222 autoreload /Users/kategorbenko/СТЗweb-пр/LR55/orders/views.py changed, reloading.
INFO 2026-09-08 16:19:02,425 autoreload Watching for file changes with StatReloader
INFO 2026-09-08 16:19:20,851 autoreload /Users/kategorbenko/СТЗweb-пр/LR55/orders/views.py changed, reloading.
INFO 2026-09-08 16:19:21,047 autoreload Watching for file changes with StatReloader
INFO 2026-09-08 16:21:27,244 autoreload /Users/kategorbenko/СТЗweb-пр/LR55/orders/views.py changed, reloading.
INFO 2026-09-08 16:21:27,467 autoreload Watching for file changes with StatReloader
INFO 2026-09-08 16:21:30,686 autoreload /Users/kategorbenko/СТЗweb-пр/LR55/orders/views.py changed, reloading.
INFO 2026-09-08 16:21:30,903 autoreload Watching for file changes with StatReloader
INFO 2026-09-08 16:21:42,232 autoreload /Users/kategorbenko/СТЗweb-пр/LR55/orders/views.py changed, reloading.
INFO 2026-09-08 16:21:42,427 autoreload Watching for file changes with StatReloader
INFO 2026-09-08 16:21:44,647 autoreload /Users/kategorbenko/СТЗweb-пр/LR55/orders/views.py changed, reloading.
INFO 2026-09-08 16:21:44,853 autoreload Watching for file changes with StatReloader
INFO 2026-09-08 16:22:00,233 autoreload /Users/kategorbenko/СТЗweb-пр/LR55/orders/views.py changed, reloading.
INFO 2026-09-08 16:22:00,470 autoreload Watching for file changes with StatReloader
INFO 2026-09-08 16:23:55,383 autoreload /Users/kategorbenko/СТЗweb-пр/LR55/orders/views.py changed, reloading.
INFO 2026-09-08 16:23:55,566 autoreload Watching for file changes with StatReloader
INFO 2026-09-08 16:23:57,647 autoreload /Users/kategorbenko/СТЗweb-пр/LR55/orders/views.py changed, reloading.
INFO 2026-09-08 16:23:57,819 autoreload Watching for file changes with StatReloader
INFO 2026-09-08 16:23:59,021 autoreload /Users/kategorbenko/СТЗweb-пр/LR55/orders/views.py changed, reloading.
INFO 2026-09-08 16:23:59,205 autoreload Watching for file changes with StatReloader
INFO 2026-09-08 16:24:04,456 autoreload /Users/kategorbenko/СТЗweb-пр/LR55/orders/views.py changed, reloading.
INFO 2026-09-08 16:24:04,647 autoreload Watching for file changes with StatReloader
INFO 2026-09-08 16:24:57,523 autoreload /Users/kategorbenko/СТЗweb-пр/LR55/orders/views.py changed, reloading.
INFO 2026-09-08 16:24:57,751 autoreload Watching for file changes with StatReloader
INFO 2026-09-08 16:25:03,996 autoreload /Users/kategorbenko/СТЗweb-пр/LR55/orders/views.py changed, reloading.
INFO 2026-09-08 16:25:04,198 autoreload Watching for file changes with StatReloader
INFO 2026-09-08 16:25:23,657 autoreload /Users/kategorbenko/СТЗweb-пр/LR55/orders/views.py changed, reloading.
INFO 2026-09-08 16:25:23,870 autoreload Watching for file changes with StatReloader
INFO 2026-09-08 16:27:53,922 autoreload Watching for file changes with StatReloader
INFO 2026-09-08 16:28:16,085 autoreload Watching for file changes with StatReloader
INFO 2026-09-08 16:29:40,356 autoreload /Users/kategorbenko/СТЗweb-пр/LR55/orders/views.py changed, reloading.
INFO 2026-09-08 16:29:40,627 autoreload Watching for file changes with StatReloader
INFO 2026-09-08 17:05:14,475 autoreload Watching for file changes with StatReloader
INFO 2026-09-08 17:07:33,401 autoreload Watching for file changes with StatReloader
INFO 2026-09-08 17:09:16,338 autoreload Watching for file changes with StatReloader
INFO 2026-09-08 17:09:23,084 autoreload Watching for file changes with StatReloader
INFO 2026-09-08 17:09:56,703 autoreload Watching for file changes with StatReloader
INFO 2026-09-08 19:22:11,874 autoreload /Users/kategorbenko/СТЗweb-пр/LR55/orders/urls.py changed, reloading.
INFO 2026-09-08 19:22:12,204 autoreload Watching for file changes with StatReloader
INFO 2026-09-08 19:24:38,831 autoreload /Users/kategorbenko/СТЗweb-пр/LR55/orders/views.py changed, reloading.
INFO 2026-09-08 19:24:39,144 autoreload Watching for file changes with StatReloader
INFO 2026-09-08 19:53:40,049 autoreload /Users/kategorbenko/СТЗweb-пр/LR55/orders/views.py changed, reloading.
INFO 2026-09-08 19:53:40,373 autoreload Watching for file changes with StatReloader
INFO 2026-09-08 19:54:02,036 autoreload /Users/kategorbenko/СТЗweb-пр/LR55/orders/views.py changed, reloading.
INFO 2026-09-08 19:54:02,337 autoreload Watching for file changes with StatReloader
INFO 2026-09-08 19:54:03,651 autoreload /Users/kategorbenko/СТЗweb-пр/LR55/orders/views.py changed, reloading.
INFO 2026-09-08 19:54:03,831 autoreload Watching for file changes with StatReloader
INFO 2026-09-08 19:54:05,095 autoreload /Users/kategorbenko/СТЗweb-пр/LR55/orders/views.py changed, reloading.
INFO 2026-09-08 19:54:05,302 autoreload Watching for file changes with StatReloader
INFO 2026-09-08 19:54:07,549 autoreload /Users/kategorbenko/СТЗweb-пр/LR55/orders/views.py changed, reloading.
INFO 2026-09-08 19:54:07,753 autoreload Watching for file changes with StatReloader
INFO 2026-09-08 19:54:44,485 autoreload /Users/kategorbenko/СТЗweb-пр/LR55/orders/views.py changed, reloading.
INFO 2026-09-08 19:54:44,685 autoreload Watching for file changes with StatReloader
INFO 2026-09-08 19:54:47,793 autoreload /Users/kategorbenko/СТЗweb-пр/LR55/orders/views.py changed, reloading.
INFO 2026-09-08 19:54:47,942 autoreload Watching for file changes with StatReloader
INFO 2026-09-08 19:54:49,183 autoreload /Users/kategorbenko/СТЗweb-пр/LR55/orders/views.py changed, reloading.
INFO 2026-09-08 19:54:49,357 autoreload Watching for file changes with StatReloader
INFO 2026-09-08 19:55:06,811 autoreload /Users/kategorbenko/СТЗweb-пр/LR55/orders/views.py changed, reloading.
INFO 2026-09-08 19:55:07,001 autoreload Watching for file changes with StatReloader
INFO 2026-09-08 19:55:09,072 autoreload /Users/kategorbenko/СТЗweb-пр/LR55/orders/views.py changed, reloading.
INFO 2026-09-08 19:55:09,264 autoreload Watching for file changes with StatReloader
INFO 2026-09-08 19:55:32,822 autoreload /Users/kategorbenko/СТЗweb-пр/LR55/orders/views.py changed, reloading.
INFO 2026-09-08 19:55:33,017 autoreload Watching for file changes with StatReloader
INFO 2026-09-08 19:55:48,450 autoreload /Users/kategorbenko/СТЗweb-пр/LR55/orders/views.py changed, reloading.
INFO 2026-09-08 19:55:48,638 autoreload Watching for file changes with StatReloader
INFO 2026-09-08 20:03:07,860 autoreload Watching for file changes with StatReloader
INFO 2026-09-08 20:07:02,939 autoreload /Users/kategorbenko/СТЗweb-пр/LR55/orders/views.py changed, reloading.
INFO 2026-09-08 20:07:03,257 autoreload Watching for file changes with StatReloader
INFO 2026-09-14 06:22:06,157 autoreload Watching for file changes with StatReloader
INFO 2026-09-15 11:04:07,897 autoreload Watching for file changes with StatReloader
INFO 2026-09-15 11:21:03,012 autoreload Watching for file changes with StatReloader
INFO 2026-09-16 11:37:20,280 autoreload Watching for file changes with StatReloader
WARNING 2026-09-16 11:37:32,376 log Not Found: /apple-touch-icon-precomposed.png
WARNING 2026-09-16 11:37:32,486 log Not Found: /apple-touch-icon.png
WARNING 2026-09-16 11:37:32,562 log Not Found: /favicon.ico
INFO 2026-09-16 11:52:12,779 autoreload Watching for file changes with StatReloader
WARNING 2026-09-16 12:53:30,555 log Not Found: /apple-touch-icon-precomposed.png
WARNING 2026-09-16 12:53:30,559 log Not Found: /apple-touch-icon.png
WARNING 2026-09-16 12:53:30,561 log Not Found: /favicon.ico
INFO 2026-09-16 13:00:44,760 category Using categorical units to plot a list of strings that are all parsable as floats or dates. If these strings should be plotted as numbers, cast to the appropriate data type before plotting.
INFO 2026-09-16 13:00:44,761 category Using categorical units to plot a list of strings that are all parsable as floats or dates. If these strings should be plotted as numbers, cast to the appropriate data type before plotting.
INFO 2026-09-16 13:00:44,762 category Using categorical units to plot a list of strings that are all parsable as floats or dates. If these strings should be plotted as numbers, cast to the appropriate data type before plotting.
INFO 2026-09-16 13:00:44,762 category Using categorical units to plot a list of strings that are all parsable as floats or dates. If these strings should be plotted as numbers, cast to the appropriate data type before plotting.
WARNING 2026-09-16 13:00:57,434 log Not Found: /favicon.ico
INFO 2026-09-16 13:08:34,943 category Using categorical units to plot a list of strings that are all parsable as floats or dates. If these strings should be plotted as numbers, cast to the appropriate data type before plotting.
INFO 2026-09-16 13:08:34,944 category Using categorical units to plot a list of strings that are all parsable as floats or dates. If these strings should be plotted as numbers, cast to the appropriate data type before plotting.
INFO 2026-09-16 13:08:34,945 category Using categorical units to plot a list of strings that are all parsable as floats or dates. If these strings should be plotted as numbers, cast to the appropriate data type before plotting.
INFO 2026-09-16 13:08:34,945 category Using categorical units to plot a list of strings that are all parsable as floats or dates. If these strings should be plotted as numbers, cast to the appropriate data type before plotting.
INFO 2026-09-16 22:37:52,023 autoreload Watching for file changes with StatReloader
WARNING 2026-09-16 22:38:00,316 log Not Found: /apple-touch-icon-precomposed.png
WARNING 2026-09-16 22:38:00,319 log Not Found: /apple-touch-icon.png
WARNING 2026-09-16 22:38:00,321 log Not Found: /favicon.ico
INFO 2026-09-17 12:39:36,576 autoreload Watching for file changes with StatReloader
WARNING 2026-09-17 12:39:41,217 log Not Found: /media/news/4.jpg
WARNING 2026-09-17 12:39:41,483 log Not Found: /media/news/5.jpg
WARNING 2026-09-17 12:39:41,557 log Not Found: /media/news/6.jpg
WARNING 2026-09-17 12:39:41,624 log Not Found: /media/news/7.jpg
WARNING 2026-09-17 12:39:41,726 log Not Found: /media/news/8.jpg
WARNING 2026-09-17 12:39:41,875 log Not Found: /media/news/9.jpg
WARNING 2026-09-17 12:39:41,949 log Not Found: /media/news/10.jpg
